comment_id,issue_id,author_id,body,created_at
bca4d7b3-6a21-46fb-bf70-253e6cc2f2c2,cb2a4db0-d23a-47b4-bbaf-325337ae6218,a21a7586-f0a6-4043-a7ca-ebbedf389120,Customer impact confirmed; prioritize for current sprint.,2025-06-15T08:23:32.357847
bd4285db-e6db-4c94-81b4-f4d36f2c96e5,b391a8eb-0722-4db8-939e-ed90aef09a5e,ee574da4-3269-4ac0-964e-f4cf1615c34c,Customer impact confirmed; prioritize for current sprint.,2025-07-03T09:53:32.357847
7e380feb-c1fb-450a-83cb-aa3806332efa,e2e53651-caee-4513-a130-e27a16349b76,3d850fec-4172-4ea8-bc95-783c32d4eed0,Needs clarification on acceptance criteria.,2025-07-24T02:49:32.357847
180fb88a-cb00-4e7f-9de2-e41ace0de2c6,4e769dce-0baf-420f-b3d3-7cf2e04731a3,625cd1fe-f894-496c-8836-cd9ae52baf62,Validated locally; requesting peer review.,2025-05-15T02:28:32.357847
b6ff5703-ab93-4e2d-8d26-8a5f7b1d747f,cca30e6e-8fb1-48fa-929f-674ec0aaf793,3da7a350-3c23-4279-a9d9-a12ad9a94ea8,Needs clarification on acceptance criteria.,2025-08-16T18:14:32.357847
07387b9b-4372-4b3c-b0ad-cd0c8895c2f6,cd676d06-8a52-43d4-afb6-f5d8677e1069,4fe34e58-4a57-4fdd-9044-4773d2aededc,Needs clarification on acceptance criteria.,2025-10-24T07:06:32.357847
ce543da6-822e-44ec-bd55-60f01f89cc80,df64f3b1-b3d3-476c-9f2c-3711c535cb35,73b37fe4-f9cb-4134-a799-afb8b97f24cc,Dependency pending from another team; tracking ETA.,2025-08-25T23:30:32.357847
23c87e44-56c4-41d2-ad93-c408b34e7188,8de1ffd6-17ec-4249-bd7a-bd6fa37ae459,90ec6ff0-0423-4e83-ada5-45c51c02a97d,Customer impact confirmed; prioritize for current sprint.,2026-01-05T04:09:32.357847
310fc5b1-5b8a-4726-be43-769d34f71a31,06b09325-8df5-4ad4-b35a-1d219cd43d1b,e2230b86-78d5-42c7-93fd-f24b6dd76c1b,Dependency pending from another team; tracking ETA.,2025-08-12T21:51:32.357847
bdf5083f-df4e-4cf8-9304-14c2a224940a,2fb3d33f-a03a-459c-842e-8b9e9e9177b2,c81151e6-5ebf-463a-932d-d22a96c4766c,Repro steps added; please verify in staging.,2026-01-27T19:34:32.357847
458ecbca-c5ab-4d6a-b68b-34b37a92c7df,8956bb63-f3c2-4786-b13d-141c0b7eb8cb,43f9d052-d7b6-405c-88aa-613d8c040bfc,Dependency pending from another team; tracking ETA.,2025-11-19T05:16:32.357847
926a3b40-fbc8-4728-95b8-329987595a93,824f6983-ad4d-47ed-839b-0cd150607f1f,86b590ea-2c47-43cf-8cf4-598d9448c85c,Needs clarification on acceptance criteria.,2025-08-31T13:47:32.357847
d8a6a5db-fcf8-4a5a-b810-1815cc7f650a,6d2eb80e-f895-4933-9c79-1cc511871cf8,d7a340be-7652-4dc1-aa98-c50143252682,Customer impact confirmed; prioritize for current sprint.,2025-04-09T00:15:32.357847
7faa2b2a-686f-4da4-bfa1-2bf346c8725c,797ab92e-4215-458e-9c97-8e7e9c450ffe,166b7362-131d-405f-bce6-ff144f34abb5,Edge case discovered; updating test coverage.,2025-11-14T22:38:32.357847
751e7815-13ac-4e44-8494-9367df0b412e,d7dbfd80-dde1-45af-9990-aa246d2e9bda,cf369555-9185-418a-9f83-ce31d6b543a1,Validated locally; requesting peer review.,2025-10-22T00:55:32.357847
144d0955-c1fa-4391-8cc4-0e95a87b524b,fdf9fb97-6cc3-4f7c-99aa-eee87e237fbf,6f4b4c95-5f0f-439f-bb66-6e5aecb854b0,Edge case discovered; updating test coverage.,2025-12-12T07:21:32.357847
446644c8-56af-4d52-93fa-e7a8ed8f5cbb,4b2333c6-a164-473d-891d-9ae517da0a53,b0c454b8-e3b0-447c-b351-923b66ccb138,Edge case discovered; updating test coverage.,2025-06-09T05:45:32.357847
0a2d3739-7805-4f26-93bb-c37f600a299a,c314f54c-4cc6-4d4d-b2eb-7f1985b0a8f3,6682c0e4-4f59-4cfc-86f0-b3fe50da57e7,Validated locally; requesting peer review.,2025-05-19T23:47:32.357847
a3149c73-39a6-4006-91ff-4eae97f7f89c,885f0444-2331-4147-973b-7145da463456,70809490-2904-4583-a48b-a08cef6e99ca,Edge case discovered; updating test coverage.,2025-12-14T11:53:32.357847
a4135549-f1c8-419f-bd92-4da35b12b5b4,720f24c1-7744-41a8-88ae-c50ba3efb2f0,8642e6d1-0c4c-403d-97d3-3a22243deb3c,Validated locally; requesting peer review.,2025-11-18T09:41:32.357847
1d6c0a97-e5ca-4268-83ef-21553e700857,824f6983-ad4d-47ed-839b-0cd150607f1f,bfe4d1c6-8ab9-4797-9574-6c1e779b598a,Needs clarification on acceptance criteria.,2025-08-29T01:47:32.357847
5824a00d-c7fc-4e68-a178-c944468a5c24,885f0444-2331-4147-973b-7145da463456,5bc0d6a6-72f0-4872-83a1-d82bcab627e0,Validated locally; requesting peer review.,2025-12-17T09:53:32.357847
72785366-749d-4f67-81b1-40613c4f0776,edc448b6-4932-4695-b345-fd0361d771b0,4471af19-53e4-4879-8797-f75e76373e9b,Repro steps added; please verify in staging.,2025-04-30T03:24:32.357847
b9270f55-c9f6-4337-95db-aef8f0c7dafc,d80d13c6-2ea3-4590-b401-1d006d066019,3a1546a0-5e58-4682-b3d2-70cb1093bebf,Validated locally; requesting peer review.,2025-07-02T00:08:32.357847
4cf4db36-3374-4b69-82c7-7d9f773f02c3,f673eb11-060b-4416-88c9-0f6fd19743bc,e4f65f02-a2e1-4409-9eb3-02d18e1d2707,Validated locally; requesting peer review.,2025-10-14T14:23:32.357847
f2cc6695-4da5-4cfd-89bc-1ef5b6620d87,e3fea5de-0d8a-470e-b940-864d66ffbd1b,73a7ea69-9a86-4e9e-bd65-ed3f7e2d84a2,Repro steps added; please verify in staging.,2025-05-01T11:19:32.357847
0b2f7734-5f56-4ea9-a691-7e785d8bb6e0,37c59737-c3e9-4887-b28f-c0e9a4f05d62,d24d6ce7-33c9-4073-8caa-cced70c06e6f,Validated locally; requesting peer review.,2025-06-25T19:27:32.357847
ad3ae852-e89e-45f9-aa54-53627800c2a0,8faedff0-d23e-4b37-8c95-a944ef7c4f17,57bd3394-14f0-4bcf-ab83-841eec5609b4,Needs clarification on acceptance criteria.,2026-01-08T23:57:32.357847
cf94ec46-6981-44a2-bcb8-0464c090f508,7a9ee8bc-93dc-4ccb-8435-022a8cdf3300,bdbc8446-ba74-43c1-ad40-3f988e262162,Customer impact confirmed; prioritize for current sprint.,2025-11-10T15:06:32.357847
72a1bcba-fde7-462b-b463-5424ea3c07b0,410fcdbf-f618-4baf-9dc7-6c3dc1cef81d,ecab067f-e894-42b7-9fb3-71e2e447b126,Dependency pending from another team; tracking ETA.,2025-12-26T09:59:32.357847
ea1c5aa2-2058-4c26-bac4-d6b04bc0d34f,73a9da62-1d77-4542-b040-85d3cfba244e,8671c260-f6ec-44ee-bac2-bc64f80dc560,Needs clarification on acceptance criteria.,2025-05-14T06:39:32.357847
6542324e-dde8-40f8-a2f0-89452b979fce,ec856587-d1a3-4297-9340-27988f392bb3,8610ebbd-8c06-4cbb-a062-d5a5f0a89f31,Dependency pending from another team; tracking ETA.,2025-10-18T18:44:32.357847
181f7484-8588-48ce-a01f-b4b72f7f4c2d,de8b09e2-575a-40da-bcdf-c4e931e443e3,631394fc-ad61-4f35-ac00-c206666d050f,Repro steps added; please verify in staging.,2025-06-10T19:26:32.357847
b6dc55e1-fa22-4d8c-bd23-c0a4b9176cd6,6a8dccbc-4980-459f-a57d-7ab200130fe0,f17bed13-b724-48a5-ab38-df59e258cd65,Edge case discovered; updating test coverage.,2025-10-07T20:44:32.357847
5d90b3ee-7f12-4361-8fc8-b5206510a723,e34ada7f-cd12-41df-9f30-768f51e93045,bdbc8446-ba74-43c1-ad40-3f988e262162,Edge case discovered; updating test coverage.,2025-09-22T16:02:32.357847
33e22ab9-b44f-44de-b79c-e3d9193eb629,e34ada7f-cd12-41df-9f30-768f51e93045,97d0becf-2637-46ac-a2cd-6eee718074d0,Edge case discovered; updating test coverage.,2025-09-03T19:02:32.357847
d23d3fdb-6975-44aa-a58c-fbf8bb2966f0,2725693e-b853-4aee-aee8-b1bff9598dd9,bebdb131-5c8d-441b-9e35-3370b9fae4d4,Needs clarification on acceptance criteria.,2025-08-15T17:23:32.357847
67920fed-a4f8-4e46-b768-2911a1788711,6d5a18f6-e13c-44bb-9dfb-db54f4bffdba,4eb2e815-ed19-44fd-8bf3-9f8d2f29629a,Dependency pending from another team; tracking ETA.,2025-11-02T00:24:32.357847
2aa6d9c6-7e31-4fe7-bddc-19b46856fd66,d3d6bbc5-981c-456d-92f9-9e9f29dce048,63783a28-0550-4351-b81d-07ec93eac18d,Dependency pending from another team; tracking ETA.,2025-07-18T05:30:32.357847
ffcfc7ed-fa6e-4821-b481-e3fa540a3bd0,e34ada7f-cd12-41df-9f30-768f51e93045,395b5268-03e3-400d-8706-bdcbd852517d,Edge case discovered; updating test coverage.,2025-09-12T20:02:32.357847
2cda2448-64a3-46a5-9aca-de0c9f4c2888,1cf7f92d-5515-4f89-a7b8-ac425f862a2d,5cf53f0b-ea61-4558-9ca8-fada6d8f1f6a,Repro steps added; please verify in staging.,2025-11-07T20:47:32.357847
7a49363b-2819-4f40-9c82-c7888058adf1,34a15e55-ea60-499c-bc2c-aff6915cc8f7,9ba2392b-6cb0-4504-93db-73fb58437933,Validated locally; requesting peer review.,2025-09-26T16:40:32.357847
6af27529-0290-47e9-8af7-e040513d0053,8a06a30c-ebf3-41bd-8a36-5e7ddf1e5a28,10ed9c8e-76d3-44a9-b474-e8aadf19801f,Repro steps added; please verify in staging.,2025-04-18T15:45:32.357847
bc755158-a4cb-4398-b9a0-b948a68f6a5e,abe53bb2-8117-4f0c-806d-3cd07f0f998b,5c7f18c4-8814-4ff4-a0de-2ed38a095b9b,Validated locally; requesting peer review.,2025-12-12T02:14:32.357847
b32c88a7-43d8-476f-b41e-f264e3b2d3e4,5be66215-4536-4691-a84c-1dc2c6fbf0aa,3a5bfe08-cb96-423f-b39e-ae5aaad6eda8,Needs clarification on acceptance criteria.,2025-07-09T16:41:32.357847
ca2067ac-84d2-4afa-8578-1e74a288a5bf,952c430c-bfba-4a5b-9b93-0e92c02acbc1,e57d46e5-4203-497c-968e-aa1e6842d3d2,Needs clarification on acceptance criteria.,2026-01-03T19:49:32.357847
a0897a37-a3c1-4238-beaf-c84e9c79096b,008e7b4e-3e77-495a-8f8e-c629dd456d3b,47654c82-a5d3-4932-9463-cbf70f0dc73e,Repro steps added; please verify in staging.,2025-07-09T16:08:32.357847
33ac7436-fa1c-4c96-9bc7-81eef07621a4,74ca4121-d6bb-4458-9e7f-463141405ded,29ceedc7-4293-483b-91bc-797236af1daf,Edge case discovered; updating test coverage.,2025-10-18T05:38:32.357847
770b6dfd-3a84-4c60-bab4-610bc66865e6,91c9c340-b107-4c05-81f1-f8daef024c69,dff7d2cf-f745-4ab3-9088-c20eb2c33379,Customer impact confirmed; prioritize for current sprint.,2025-09-02T12:31:32.357847
9d145061-b527-44ef-86eb-0f0ce4491595,5673dae2-9ca9-4b34-b8a3-0158947f7bb2,e238e391-5624-4fb1-851f-4830a7dd0a7b,Needs clarification on acceptance criteria.,2025-08-25T16:10:32.357847
4b1c96e0-be90-4799-806a-dfb43e6f8609,78a0298d-d7df-4851-95b2-3c5fe8834029,f821bc02-6dca-41b1-9a68-f8edcc4053aa,Customer impact confirmed; prioritize for current sprint.,2025-10-03T19:36:32.357847
db5ad288-9bc7-4528-b2a3-0a1f0b6489cc,4dc3ba84-78e8-4bc6-85c2-dcb98ca5f920,2c384ff8-cc18-45f8-8cca-8d7f141a01d0,Edge case discovered; updating test coverage.,2025-12-16T07:29:32.357847
c26150a0-6319-419a-9d91-c672a9872678,120b49cf-10dd-4540-abd6-f71664cfbe0a,09c5f19d-2f0a-4905-ac21-ec3a3cc04bb1,Dependency pending from another team; tracking ETA.,2025-07-09T03:39:32.357847
0a867831-c6cd-4147-b1a7-8a6a8c852cb5,6966693c-b43c-4b96-954b-16df6a677363,566b4a56-d19c-4afe-bf1c-b5f59a6d10b5,Edge case discovered; updating test coverage.,2025-11-27T10:57:32.357847
58eadc46-0d17-44db-b730-ae2d7a46ce25,01d36e51-4441-4e33-8491-22d754305d21,dd0ee5c0-2c57-42aa-8085-4dd47b71b925,Validated locally; requesting peer review.,2025-04-06T18:36:32.357847
10bdf21a-66e8-4ac1-b473-0c4a0583dfba,0fc31a75-93e9-4d5d-933f-2981f736d872,df7b91be-2194-4607-b1f0-0a637fee47de,Edge case discovered; updating test coverage.,2025-08-15T01:43:32.357847
2e3c0b01-b1be-4aa1-9b90-c1c3db4bd1f4,4ada7efa-dbc6-43d6-ae38-c91f1a2ac0a9,a7656b43-a37b-430d-ade0-5419d4ae3da1,Validated locally; requesting peer review.,2025-09-20T15:54:32.357847
8506dd66-5c6d-432c-8a1c-c89a03124681,4ba16c69-c400-441d-a220-3b93cf469907,a1fbf57d-514a-470c-894f-1d9263c090b4,Customer impact confirmed; prioritize for current sprint.,2025-11-07T10:42:32.357847
5120a78e-bf88-47ae-b0cb-7068457a2f47,2f3b3ab8-4a2c-4f3e-a5b1-0b0aaeaa5690,dfb04dc9-f1dc-4f6d-a422-1fff1d918dc0,Needs clarification on acceptance criteria.,2025-11-24T13:19:32.357847
395a3d71-0c51-49be-9277-cb97923932ec,56e4a32d-5c41-455a-a747-29563046b2c9,b0c454b8-e3b0-447c-b351-923b66ccb138,Dependency pending from another team; tracking ETA.,2025-07-28T12:18:32.357847
7aecae74-0a1f-4627-9cb6-cc24d3a66ce6,4c355e66-1e64-4d08-b07f-dc6a641b0d76,09abd41f-01d5-461a-b8eb-31f9b7480a9a,Dependency pending from another team; tracking ETA.,2025-09-07T04:37:32.357847
d41bd6a8-d70c-471c-96bd-3985fcb860c9,d5fc2ade-fccb-4205-9135-3b85fceb3031,b7bc0c33-0a25-466a-8450-465fe8adfe6b,Customer impact confirmed; prioritize for current sprint.,2025-10-25T20:22:32.357847
fae804eb-bed0-434e-8b13-9b7b75df5abd,24369fe6-11ca-4091-a540-87e451aaafe2,4471af19-53e4-4879-8797-f75e76373e9b,Dependency pending from another team; tracking ETA.,2025-11-17T09:38:32.357847
6128e9aa-35e1-4a7c-97f9-62e2e0d67b3c,ec856587-d1a3-4297-9340-27988f392bb3,32f2be91-b860-42c6-9437-ce87211d8a69,Validated locally; requesting peer review.,2025-09-28T04:44:32.357847
5e3a5407-718b-4e39-9d3a-241725dbc5c4,f0e6c7af-718e-43ae-99b0-6feb99efe369,ed49e0d4-4ea1-4631-a261-244d3c640529,Repro steps added; please verify in staging.,2025-08-26T12:51:32.357847
644836ad-987c-493a-a535-94f567d872a8,c10d2946-9603-4779-8b67-9c7159273ada,e52b117b-ef01-4a68-9758-73e560659405,Validated locally; requesting peer review.,2026-01-25T17:36:32.357847
ea649a03-d2f7-4d4a-821d-316acf8cf15f,e8ad63ca-87ab-4547-9461-d96ae4d767e0,27210e2d-f600-4a72-9223-8abc4a6cb83b,Dependency pending from another team; tracking ETA.,2025-08-03T09:30:32.357847
d714e442-5036-47f1-b6bd-66a89feb36a2,56e4a32d-5c41-455a-a747-29563046b2c9,b31eaff9-ee5d-48ef-b7ee-687285df3dc0,Validated locally; requesting peer review.,2025-08-10T22:18:32.357847
7561e351-65d8-4549-ba14-8f14409ab69a,6a8dccbc-4980-459f-a57d-7ab200130fe0,dc442fe3-2f11-49f1-b55c-748b20e61be8,Customer impact confirmed; prioritize for current sprint.,2025-09-28T06:44:32.357847
6bc3fcea-5447-4685-9bed-0062097be26c,5802c6e2-30a0-4226-9225-ddeb3c5ce983,17b595b8-e800-4412-bc6d-03ee82792e10,Needs clarification on acceptance criteria.,2025-12-01T06:58:32.357847
8123c5c8-7e0b-4ebd-bafc-4f2c3c10724e,3184f5ae-afe9-4592-8346-a60d08f721cd,ea249f94-fa46-400d-b2ac-d6456b29b9dd,Needs clarification on acceptance criteria.,2025-08-31T03:38:32.357847
95510451-0307-4bef-94e5-9877cc5d79a1,78dfda63-5c33-4159-98d4-582db4559585,64a188e5-09bc-4324-ae78-b7167441c142,Repro steps added; please verify in staging.,2025-05-09T07:27:32.357847
f01c90b7-18c0-4b94-85c9-7cbe989d55cc,78a0298d-d7df-4851-95b2-3c5fe8834029,73a7ea69-9a86-4e9e-bd65-ed3f7e2d84a2,Validated locally; requesting peer review.,2025-10-09T13:36:32.357847
926ada7a-7eff-47e4-9454-43c59becabcb,cd676d06-8a52-43d4-afb6-f5d8677e1069,fd7d0227-3e7d-44ab-a45a-c60a92f648d9,Needs clarification on acceptance criteria.,2025-10-18T20:06:32.357847
5f1b367e-1c0b-4dc0-820a-aa267bb916c7,1f87a5c2-aae0-4fe9-9f2a-e0bcf015daf0,b547b5db-adb1-42d5-8992-532498f4cbaa,Dependency pending from another team; tracking ETA.,2025-10-28T10:45:32.357847
ce37e6e4-7f26-44c5-a589-c61703606ca4,c84cfcbe-98f8-41da-a705-cc89b84afd33,73899a63-1ad4-47a9-8ac8-be41dc406e23,Dependency pending from another team; tracking ETA.,2025-05-30T20:21:32.357847
f09412da-6af8-4083-a1f5-007059c8acf7,99774917-31df-4b0a-aebc-ac4b2024e429,b9587822-329a-4b88-92a3-4456c8cf7184,Needs clarification on acceptance criteria.,2026-01-14T10:35:32.357847
359ca260-277e-4e2c-bafd-6e5dad4cf552,8c29164b-8a73-4d90-b869-fc976f6782f5,73b37fe4-f9cb-4134-a799-afb8b97f24cc,Edge case discovered; updating test coverage.,2025-06-30T04:59:32.357847
7e0ecdac-bbfc-40c4-b656-d860af7989b6,85c2b6ad-a923-49af-8eda-0956a50e4e7c,97d0becf-2637-46ac-a2cd-6eee718074d0,Needs clarification on acceptance criteria.,2025-08-19T17:45:32.357847
c7720b32-d4da-4561-ae78-18ddd4b116cd,9987e8c7-a38b-423d-8983-7b2baa98a1f3,92f5a2d3-7f50-46e5-9370-b4d0c77dfc7d,Dependency pending from another team; tracking ETA.,2025-07-19T05:48:32.357847
22544e96-92f1-4c5b-9772-73421209415b,b2e9d794-1878-4e0d-8893-50d2af7dc3ad,53b3eec3-607f-4854-9f2a-e3c280baa0c6,Repro steps added; please verify in staging.,2025-06-07T16:55:32.357847
012f3ce7-ba13-4a7e-8fa8-1f96893e4d0b,8c3544a5-6d37-4731-8b82-b0ea85861dfb,bdbc8446-ba74-43c1-ad40-3f988e262162,Needs clarification on acceptance criteria.,2025-10-23T12:53:32.357847
0efc68da-bff7-42c8-a26d-2d93f8b21548,d5400964-a0b2-4cec-85c3-b4dc9dc41938,b072f140-8958-47b5-9ebe-f2b87000ca07,Edge case discovered; updating test coverage.,2025-06-28T14:40:32.357847
0e305199-7b8c-42a1-9ec8-70b09ef40f92,78dfda63-5c33-4159-98d4-582db4559585,64a188e5-09bc-4324-ae78-b7167441c142,Repro steps added; please verify in staging.,2025-05-15T04:27:32.357847
fed18bfb-804d-4783-a582-b93e77205ec3,da8668e4-dbea-48fe-bfd2-64b0d9422c0c,f13f1641-5e2a-4fb3-b921-c51475cdb5f4,Edge case discovered; updating test coverage.,2025-06-30T16:04:32.357847
6c5b617b-ab72-45f5-a3fb-d82b9b1ba6a9,d64e5e5a-7665-4c3d-b117-dcdde06d5965,de01f742-9465-45e2-b6f5-dd06f22124e6,Dependency pending from another team; tracking ETA.,2025-11-04T15:37:32.357847
31f5051f-6586-4375-bc72-b9af88cd7953,4254d609-08ac-4484-809f-25bc0c77ca5b,28146158-be96-4278-be26-dcc6744a99b8,Validated locally; requesting peer review.,2025-04-03T06:58:32.357847
713e801a-e415-4b34-b1ea-a539f44aa1d2,3fb8734b-a5f0-4659-b56d-2bf7e6be821e,c18d0d17-435d-47e6-8493-c32e65c84ead,Edge case discovered; updating test coverage.,2025-05-17T10:39:32.357847
e0b03075-a559-43ca-8650-ca9227fdbaf7,2725693e-b853-4aee-aee8-b1bff9598dd9,106ddb39-bf3d-4862-96d2-4e17930445f0,Customer impact confirmed; prioritize for current sprint.,2025-08-16T12:23:32.357847
d41c178c-91ba-4628-b0fb-eae79edd6322,865bad29-be7e-4761-9548-d4c485065cb0,90773d03-0648-48d2-a7d6-91ec91937767,Edge case discovered; updating test coverage.,2025-12-06T10:58:32.357847
2a6a8687-303c-42cc-afa0-b6854085e5f9,3eb3fafa-989b-4fbd-beec-1dc540a40877,79313dbe-80ea-4f2e-8fdb-838b135ebcd9,Edge case discovered; updating test coverage.,2025-08-21T08:33:32.357847
d0f3c711-3058-40e4-8bad-77c732202cd8,88f8b7ad-df0e-4ddd-b5f9-73da5925b55c,9c91ed5d-bcae-4eb5-a6f7-4c1eb94ff1ea,Needs clarification on acceptance criteria.,2025-07-27T11:41:32.357847
e795b7f6-aa97-46c2-84f1-ca6768c4a2b5,bb28a031-7d33-42b5-9624-18a27ec55cf7,3dd774d1-a439-4ed4-ac5d-2085afac01d5,Repro steps added; please verify in staging.,2025-11-17T06:50:32.357847
61e0e09a-073f-433c-a706-ba6fa212c646,a98eae2a-6063-4867-9183-efc81fba88b4,97d0becf-2637-46ac-a2cd-6eee718074d0,Validated locally; requesting peer review.,2025-08-13T07:37:32.357847
84b4e87a-05bd-4473-8724-95576ac407a5,4e769dce-0baf-420f-b3d3-7cf2e04731a3,cf369555-9185-418a-9f83-ce31d6b543a1,Customer impact confirmed; prioritize for current sprint.,2025-05-06T13:28:32.357847
3b956d69-931e-46d4-bb8b-c28b675eca91,fff12719-0cb9-47ee-b76d-67dc37d7fb88,303368b9-b572-421b-8daa-e27bfa9f7283,Customer impact confirmed; prioritize for current sprint.,2025-05-09T21:59:32.357847
5bc9ad33-dd9d-4bf7-adee-31d163052a8a,d1329bad-fc61-4c35-af3e-d737e260d324,ae3bb51e-5c6b-48c8-9af5-b8f8904227c6,Validated locally; requesting peer review.,2025-11-21T22:03:32.357847
ad9733c6-23f5-4b74-93b1-c95f86e2edc5,797ab92e-4215-458e-9c97-8e7e9c450ffe,f94bf28d-8a4e-4eac-8771-d98810a771e9,Customer impact confirmed; prioritize for current sprint.,2025-11-23T15:38:32.357847
33dc0db3-196f-41db-bf23-771198fca06f,fc01e65d-79a7-4666-95f8-bd666e764f2d,3dd774d1-a439-4ed4-ac5d-2085afac01d5,Dependency pending from another team; tracking ETA.,2026-02-04T05:27:32.357847
7dca51c0-4d13-4e9c-8adc-07d26f09f9b4,74d4d7ab-48ee-4013-ac88-5b641b71d7d8,15f0ac69-0996-47a7-b823-681b50548f27,Repro steps added; please verify in staging.,2026-02-01T02:24:32.357847
7febce4d-9fbf-4bcb-b957-3dbc9d6cb104,1661f845-ffd3-44df-9c56-1fe109980a41,ef904503-e8ad-423b-93a9-9832411a8278,Dependency pending from another team; tracking ETA.,2025-04-18T10:22:32.357847
b835a291-2356-4dbc-a84d-68121f381ddb,fbe7126c-d676-4cd5-b792-adb402130f19,166b7362-131d-405f-bce6-ff144f34abb5,Validated locally; requesting peer review.,2025-09-08T05:44:32.357847
09404ced-6828-4612-b885-8e92a525d006,9902653e-c6f7-466b-88f7-f8e4465a7564,73899a63-1ad4-47a9-8ac8-be41dc406e23,Dependency pending from another team; tracking ETA.,2025-07-12T16:41:32.357847
9bdaf12b-9d01-4723-ada0-25d7244d3d3a,d28022e0-44d2-44cb-8ab6-d29ce22c2dd8,5fda3c06-aac1-471a-9440-ed7e0614d11e,Repro steps added; please verify in staging.,2026-01-08T01:13:32.357847
da5ae26b-e3d3-4fe4-87e7-169028c4e0de,909802d7-c135-44cf-aaa9-5b0359b0830a,69441462-ca99-4443-a49a-bdcb8d7e7787,Needs clarification on acceptance criteria.,2025-04-24T07:13:32.357847
eb5f16fa-867e-42c3-821f-3c9556530725,6c74ef6a-e4e9-46f4-92cd-9ae5cb18927f,485de411-dcda-4224-be63-76582fdfc6e2,Repro steps added; please verify in staging.,2025-08-18T21:32:32.357847
2f61348d-f5e5-4f50-b6f3-c7e2cef776af,a9525116-283a-4ed6-8d19-bf4807a9f69b,0cb776a1-73e9-47c3-9657-270f51572ee6,Edge case discovered; updating test coverage.,2026-01-15T19:38:32.357847
7eddd63c-00f8-4427-a854-28147fdd97f9,4dee7b94-6721-4fb9-abdc-66fabda7d559,565d613b-94e8-4176-9b5f-d73ce6741776,Validated locally; requesting peer review.,2025-07-01T10:05:32.357847
1a6df52e-ab72-4e34-addc-a97973d2741c,06d4286c-633c-465f-882b-d7db35d2de96,15687db6-d51d-4cd0-a62f-78ed61e2517b,Repro steps added; please verify in staging.,2025-08-15T20:40:32.357847
e55d099a-cd90-4f11-bfca-54c042fdfe4e,af35da00-ea82-409e-9bd5-a0c4c5aa7aa1,bf65b9ab-a4a6-4ebe-8536-795a076b396c,Edge case discovered; updating test coverage.,2025-05-29T23:34:32.357847
7bdf9b37-65de-42ff-ae02-cd40daacdf99,34f35b39-017f-433d-8a36-74f5702f89c1,9100fe3a-a319-4c9b-b4c2-9523e38f9c0c,Repro steps added; please verify in staging.,2025-05-17T22:31:32.357847
65139d9b-d831-4b23-bfb0-93ed65f9aff5,54faf847-af06-4984-9146-5bec0bc8b2cb,09abd41f-01d5-461a-b8eb-31f9b7480a9a,Needs clarification on acceptance criteria.,2025-04-29T05:14:32.357847
ebaead52-2fcf-4b61-8f72-198f89f82b6c,48aae554-9abd-4b0f-8720-4442746e7512,26f534da-8261-45cb-8ede-b02e997eba41,Dependency pending from another team; tracking ETA.,2025-10-09T14:20:32.357847
6f161872-46d5-40b6-9bbf-044326514e84,627f8c4b-b820-458b-a1ba-a3a90f046c2b,206f0478-218f-423c-8a39-d95490510da3,Repro steps added; please verify in staging.,2026-02-09T00:14:32.357847
6278a1e9-4cd1-4a50-a62e-563b80c3b7fb,24408dfc-7049-4536-9553-d9e877253dd5,463a1c73-bfef-49e9-85c6-78ec5e4bba2e,Needs clarification on acceptance criteria.,2025-05-12T11:04:32.357847
e12c2f2d-4e68-4085-b4bd-0e5f6abfc83a,68df0b53-dfd0-4993-9605-65aa2f7fd1aa,8da17af8-d79a-405a-8186-7daa45170ad9,Customer impact confirmed; prioritize for current sprint.,2025-12-24T08:51:32.357847
72f3e68a-f26e-4f43-9f99-03dda80416df,a2220821-8117-4fc6-86cd-53d66ebffad2,395b5268-03e3-400d-8706-bdcbd852517d,Validated locally; requesting peer review.,2025-08-31T08:48:32.357847
0f4472fa-0a23-4260-9c04-04c8e8862831,74d77eec-2d2a-41d0-b8a9-15c4c97fbf9a,62cb7e50-288b-4e86-ba91-2641bdebb174,Customer impact confirmed; prioritize for current sprint.,2025-09-09T02:08:32.357847
c638ecbc-aa1f-44f9-a214-f6ebab297f04,2dc970f5-948e-4c64-a1ea-399be4e95bd0,5bc0d6a6-72f0-4872-83a1-d82bcab627e0,Validated locally; requesting peer review.,2025-11-17T18:37:32.357847
0c27edbd-94f4-4cdc-a4e8-967d3939ee87,efd8ffd7-ceca-4ce1-a2f9-c15610bea6ec,03f6c768-2452-4dad-ac81-769655738bcf,Customer impact confirmed; prioritize for current sprint.,2025-08-27T11:15:32.357847
8c88cada-e1db-4bd3-b4c3-a59623444af0,8956bb63-f3c2-4786-b13d-141c0b7eb8cb,25bcfb57-79a5-4a80-b1ff-3a5c39a200e4,Customer impact confirmed; prioritize for current sprint.,2025-11-10T16:16:32.357847
72422947-7b3e-4241-b17c-fdf2eb835d5f,8f12d81c-0613-400e-ad04-8fb1d84e0a8e,94a1a888-ff17-4c9f-81cf-8b8d2b614dde,Repro steps added; please verify in staging.,2025-09-04T03:56:32.357847
4711fafa-b264-4d83-9163-c56db0e21718,9be9c8c8-e478-4aac-8cc0-7849597ae09e,d7a340be-7652-4dc1-aa98-c50143252682,Repro steps added; please verify in staging.,2025-10-03T01:52:32.357847
331594cd-aa9c-4e3a-a94d-d95f76ac0080,87f95430-71a3-451d-9c71-f47c13add38e,73b37fe4-f9cb-4134-a799-afb8b97f24cc,Edge case discovered; updating test coverage.,2025-07-17T03:12:32.357847
c9034861-8477-4084-a741-84ccddeba0d8,d1329bad-fc61-4c35-af3e-d737e260d324,b547b5db-adb1-42d5-8992-532498f4cbaa,Repro steps added; please verify in staging.,2025-11-22T10:03:32.357847
ec6e8aa9-43e9-44b3-9866-cd0c2663a93a,8faedff0-d23e-4b37-8c95-a944ef7c4f17,e48495a0-72d0-49e9-a491-30c536ee62a1,Dependency pending from another team; tracking ETA.,2026-01-14T16:57:32.357847
6bf355e4-c0eb-4c12-a368-7485f5456710,e0b60796-729d-4634-ab6c-73b9b6d9ad82,bdfaa3fe-2a05-4eec-852c-e04bfa5c1f57,Repro steps added; please verify in staging.,2025-06-15T14:57:32.357847
d5bfcd7e-8402-45ee-b9d3-368105ab328c,d3a7b4e1-55cd-476d-93f8-e44d8a4ee0a8,372568c6-e886-4ebe-89d6-1f4c01586fdc,Needs clarification on acceptance criteria.,2025-06-08T01:30:32.357847
41ec3438-d92c-4845-98b8-7399a6c31b7b,ed82cd46-2144-42a9-8c85-e2750ab0b3f7,95e44518-d431-4427-9beb-032d29367e3a,Dependency pending from another team; tracking ETA.,2025-07-02T20:17:32.357847
85dc1dd0-bb8e-46f2-91f0-93a8d8f8134a,95fea962-6052-4dac-9bca-6ae2e5b77275,28146158-be96-4278-be26-dcc6744a99b8,Dependency pending from another team; tracking ETA.,2025-07-04T02:20:32.357847
7762ba47-d968-4308-a9f0-a85394d653ab,43b7155e-b826-4a88-ac09-7f0894d81fc1,672f7dc9-b560-4aee-93d7-8257544d7164,Dependency pending from another team; tracking ETA.,2025-04-29T13:21:32.357847
b6b7ed9c-4738-48e3-a530-be3cb941882b,e7d96dc7-17ab-4e62-80e2-2ae5f224b85a,3a834259-b6ce-458e-b37a-49a51ed3e1c3,Dependency pending from another team; tracking ETA.,2025-07-02T22:04:32.357847
c27cc2fc-fc02-41cc-a24a-8bc7cf163a13,5db12af4-ca15-4454-80b8-bbf384334fb1,35231a5e-5825-4f28-9124-ca32aa6510fa,Edge case discovered; updating test coverage.,2025-12-06T19:19:32.357847
981e28ff-1b50-41e4-a6c6-2503cd6a4fea,008e7b4e-3e77-495a-8f8e-c629dd456d3b,b5b1e001-e892-4c6b-a1e7-44d289c1cf13,Repro steps added; please verify in staging.,2025-07-08T17:08:32.357847
aa4f7b06-55f9-4301-a0a5-1479598d5ee7,9faf4d30-1d61-46c6-a632-38dc597181db,405060e5-896b-4132-b4b2-322e384f7e1b,Repro steps added; please verify in staging.,2025-09-21T04:54:32.357847
7eea24bf-8751-4a63-a996-771d4943232e,3bb2321e-62fd-4c9f-8250-29a854339d9d,19e506dd-6df1-4535-aeb0-02d6d4192440,Repro steps added; please verify in staging.,2025-09-15T04:34:32.357847
d6fa4bb0-ac29-4895-a16a-6a200543057d,402f3be5-6f11-4669-854e-38c445c5bb85,19afc105-70fd-4f37-a543-d223a5e3403b,Edge case discovered; updating test coverage.,2025-10-22T11:45:32.357847
c7614575-aeb4-470f-a852-72bab104ad80,d64e5e5a-7665-4c3d-b117-dcdde06d5965,b9587822-329a-4b88-92a3-4456c8cf7184,Customer impact confirmed; prioritize for current sprint.,2025-12-08T00:37:32.357847
fc7747b1-3985-410d-a593-7a372f508537,8bbf9c32-c11a-49ed-8265-01ed7ad624de,43ade07c-5e25-4119-b69f-67b48aaf6b55,Dependency pending from another team; tracking ETA.,2025-08-25T16:19:32.357847
ae366e69-79d2-4992-b210-2c66fcadc062,6966693c-b43c-4b96-954b-16df6a677363,ad0eb391-b15c-445b-a2ba-becc140c3714,Validated locally; requesting peer review.,2025-11-24T18:57:32.357847
173d69ce-428a-4641-a457-69de77ac646e,026cf38b-add8-4bd1-bb1a-dfa909f6d053,b0bdc5e3-966a-4e5c-8bfb-768d4cc2bdb6,Repro steps added; please verify in staging.,2025-04-21T14:05:32.357847
b368f920-f379-42d1-a095-e4ea9938b64c,141f69ae-661f-424b-aeaa-c4512e26e42e,805d3a1b-a329-432a-92d8-9cb11f0494b7,Repro steps added; please verify in staging.,2025-06-26T00:23:32.357847
4a36e976-77f5-42e6-b41e-0fd03c4179ca,19ebc68d-acf2-41be-bf01-bfb4ac81dd6e,9bff5a1e-fa7d-465a-b81e-4c5e0860c88c,Dependency pending from another team; tracking ETA.,2026-01-10T22:42:32.357847
7bc8d95a-50ab-445b-8dd5-272398583240,574988f4-dee3-41ff-9806-af2b8d319506,daabfc83-b4df-4786-b441-ec2e1cd5f795,Needs clarification on acceptance criteria.,2025-12-28T16:58:32.357847
f69f3476-6807-45e4-809e-67b968abaab5,b05bc5e2-0b05-405d-a813-2fe6de772f8e,46d578f9-2d4c-4eb5-9cfb-0ff55587b427,Needs clarification on acceptance criteria.,2025-10-02T07:20:32.357847
4c644c5b-0689-4618-8226-f99ea0510c90,5db12af4-ca15-4454-80b8-bbf384334fb1,f686fa1d-a556-49e3-baf7-07973bf6392b,Needs clarification on acceptance criteria.,2025-11-29T18:19:32.357847
1ff3a98e-81b1-4911-8dec-6128c65a8f63,720f24c1-7744-41a8-88ae-c50ba3efb2f0,69441462-ca99-4443-a49a-bdcb8d7e7787,Customer impact confirmed; prioritize for current sprint.,2025-11-25T04:41:32.357847
a6d99450-af0a-440d-ac31-8b5eddefd628,bb528d22-4789-40f5-8e7f-9d361082466c,15f0ac69-0996-47a7-b823-681b50548f27,Customer impact confirmed; prioritize for current sprint.,2025-06-04T09:40:32.357847
c373b0b0-445e-463d-b4e3-a84720a5014e,48aae554-9abd-4b0f-8720-4442746e7512,b07bdbf5-42bb-4d4a-9814-51bcc9a31a53,Edge case discovered; updating test coverage.,2025-09-21T09:20:32.357847
91ec5137-db84-4627-9929-a6ec86125abb,e9986c88-1ddc-4403-996e-418377fd6696,06ad0efe-f42c-4dd0-9829-17709320f7d0,Edge case discovered; updating test coverage.,2026-01-27T04:05:32.357847
99e588d8-0074-4733-bf49-2f076f9e7b52,ec856587-d1a3-4297-9340-27988f392bb3,3f379fac-c697-4635-a14d-f80ca891c142,Dependency pending from another team; tracking ETA.,2025-09-27T13:44:32.357847
64230f05-a647-47a4-b9eb-bd687b9e07e6,0ecbd927-d780-4ef4-89b3-fd8cbc93e1e1,ed49e0d4-4ea1-4631-a261-244d3c640529,Validated locally; requesting peer review.,2025-07-14T21:38:32.357847
8160f607-cce3-4ff2-8958-2a6ab8236a7d,946babed-84b3-4ba7-9837-b382bd410e9a,91ffa716-3589-49c8-9092-57f082cab333,Edge case discovered; updating test coverage.,2026-01-11T05:01:32.357847
4ec1dd7a-3919-4f67-bd06-1b02af8e92e8,6b2bfd57-2397-4d12-ab76-ca1dc5ef4ea4,e52b117b-ef01-4a68-9758-73e560659405,Customer impact confirmed; prioritize for current sprint.,2025-10-08T22:20:32.357847
cd55b6fe-e66e-47cd-90d1-c55c86a6b04c,073807e7-931d-47c1-a0dc-60b2f071054c,672f7dc9-b560-4aee-93d7-8257544d7164,Validated locally; requesting peer review.,2025-08-09T09:39:32.357847
6b93e5d6-3267-4a5d-9303-b015d6d9739a,b05bc5e2-0b05-405d-a813-2fe6de772f8e,64a188e5-09bc-4324-ae78-b7167441c142,Needs clarification on acceptance criteria.,2025-10-13T19:20:32.357847
021bc871-43c5-4c87-b283-6e517a001844,73a9da62-1d77-4542-b040-85d3cfba244e,781687e6-891a-4bc0-af45-2f8892897073,Needs clarification on acceptance criteria.,2025-05-01T11:39:32.357847
cd02410d-b812-4307-89b1-337924c4c55b,e40faadb-2378-409d-b2c9-c5c5f0aa60be,d24d6ce7-33c9-4073-8caa-cced70c06e6f,Customer impact confirmed; prioritize for current sprint.,2025-04-13T09:14:32.357847
ebc8d827-e952-4a36-adcb-fe670d357c6d,5a18b766-3d8b-44b3-85b8-b74ac0f5c867,07b1e93f-1717-499c-b985-ff0c1289846a,Needs clarification on acceptance criteria.,2025-12-24T08:38:32.357847
2408c1b8-6c7e-4a9f-8391-38c68f743141,edc448b6-4932-4695-b345-fd0361d771b0,f686fa1d-a556-49e3-baf7-07973bf6392b,Needs clarification on acceptance criteria.,2025-04-16T22:24:32.357847
1092d4d6-6145-45c8-a24e-af3684f178f6,76337d57-1a4a-496f-87d8-51f9cfb94e31,90f497b1-db5e-419f-bb2d-4bc353e57246,Repro steps added; please verify in staging.,2025-03-26T07:45:32.357847
c7f95242-fe52-4d3a-945a-082e4b890381,95fea962-6052-4dac-9bca-6ae2e5b77275,e4f65f02-a2e1-4409-9eb3-02d18e1d2707,Needs clarification on acceptance criteria.,2025-07-27T14:20:32.357847
e8f3fdbb-054f-493a-976d-7eb62fc9b464,deba459e-fdfe-4b4d-9899-2fe173b29f49,e52b117b-ef01-4a68-9758-73e560659405,Validated locally; requesting peer review.,2025-12-15T10:55:32.357847
3b24472c-1494-414c-af1e-259393da1f78,60d8c0ba-aa19-43bf-a917-9d1761e3d358,2598b9d0-5ead-4c01-8e80-c8b03d5f70e4,Customer impact confirmed; prioritize for current sprint.,2025-05-30T09:18:32.357847
3d633189-5496-487f-9830-abac3a31e491,3401b42d-52a7-49dd-9187-f9181c328bd5,15acb1fa-4d4b-4c67-a746-9e93eb19e53c,Dependency pending from another team; tracking ETA.,2025-12-03T15:47:32.357847
84944aef-3f2c-472f-9144-652e782dc11f,efd8ffd7-ceca-4ce1-a2f9-c15610bea6ec,cd65fd7a-f9b2-4f10-af07-202376ca434f,Validated locally; requesting peer review.,2025-08-21T02:15:32.357847
f13e5fdd-e221-438d-af08-5037ac8cdccc,df64f3b1-b3d3-476c-9f2c-3711c535cb35,166b7362-131d-405f-bce6-ff144f34abb5,Dependency pending from another team; tracking ETA.,2025-09-15T15:30:32.357847
a8139e4a-ced0-4758-b424-f9fe2c266467,a40f4cfc-ac52-4b04-8e5f-4f352fa54350,bb98d73f-0c6e-4c22-b1b8-1ec45f13af91,Repro steps added; please verify in staging.,2025-10-16T04:42:32.357847
74902088-0897-4b44-8b22-6bf372775ce0,be68bbc2-d3c3-45b9-9141-8c08a4378bbd,e08d4c7d-d6b8-4c25-985d-ece32be28ebf,Validated locally; requesting peer review.,2025-06-21T04:05:32.357847
6ebf59c8-ba1a-4775-b6ff-077a44aa51d9,9b501bb6-9771-408d-930a-57cfc99184e1,b0c454b8-e3b0-447c-b351-923b66ccb138,Repro steps added; please verify in staging.,2025-05-24T10:05:32.357847
aa37c855-b458-48ba-a897-44eda79848d0,8f120f36-a39c-4add-9372-a9151869117d,5bf34f9b-b5e9-49a2-9322-cd5676c113e1,Dependency pending from another team; tracking ETA.,2026-01-06T17:00:32.357847
9be23004-117c-4838-9ed1-ae952f9ad0a6,e93b475f-b7c7-4a92-8abc-518d05db1fd4,bdfaa3fe-2a05-4eec-852c-e04bfa5c1f57,Edge case discovered; updating test coverage.,2025-10-20T15:38:32.357847
6ff3f27d-122c-461c-831f-6eadc69ecc2c,6c74ef6a-e4e9-46f4-92cd-9ae5cb18927f,02f1e7be-a047-4fd1-b9e6-1eea4cb6f6fb,Dependency pending from another team; tracking ETA.,2025-08-31T03:32:32.357847
b16d13ad-9673-4ed2-8415-3e76f8f8acbe,8b151c7d-b363-4398-98e7-6c7882126ba8,19192e42-829d-49d7-ac59-4361e19520d4,Customer impact confirmed; prioritize for current sprint.,2025-12-04T16:09:32.357847
61c35561-3cd8-46b0-b3d2-6aa366acfc40,102be3d1-8500-4778-bb1b-a8323b86bc29,15687db6-d51d-4cd0-a62f-78ed61e2517b,Dependency pending from another team; tracking ETA.,2025-10-27T04:46:32.357847
daff1fb5-0391-436e-849e-200b5a2e3310,2dd7d1af-86ff-4edc-a006-872c241f5a0f,f17bed13-b724-48a5-ab38-df59e258cd65,Needs clarification on acceptance criteria.,2025-07-21T22:54:32.357847
62ae4a65-ee09-4b93-9e32-4af76d920dbe,4e769dce-0baf-420f-b3d3-7cf2e04731a3,625cd1fe-f894-496c-8836-cd9ae52baf62,Needs clarification on acceptance criteria.,2025-05-18T06:28:32.357847
9101beda-5a5c-43ea-8856-0a5c0cab04bc,df64f3b1-b3d3-476c-9f2c-3711c535cb35,5fda3c06-aac1-471a-9440-ed7e0614d11e,Needs clarification on acceptance criteria.,2025-09-21T10:30:32.357847
1897ea79-cdf7-4bf0-bec4-d1258664a982,9fce62c3-ac73-4e54-8abd-e1ec79a776b7,d5c9a0a6-e2b6-4e3a-a859-cdd1730165c2,Dependency pending from another team; tracking ETA.,2025-12-01T16:51:32.357847
087e1acd-7473-45e3-9daf-43b63d7f4673,1a0c3771-bc02-4d70-8e85-406d9cf59671,e6ae52f4-82ba-4153-be6c-950e8499ddbe,Edge case discovered; updating test coverage.,2025-09-10T13:34:32.357847
fbf7c757-17c0-4244-8f48-853412f7966f,13e5c189-2708-4078-a326-2c684a22c675,ae3bb51e-5c6b-48c8-9af5-b8f8904227c6,Repro steps added; please verify in staging.,2026-02-09T10:41:32.357847
337eb0e1-6aba-40dc-a643-875767b13852,46416e1e-fbac-49ff-b0ca-44f57f69790e,0bae582e-1e13-43bb-bbd2-ddf4687ea657,Dependency pending from another team; tracking ETA.,2025-11-12T10:12:32.357847
524b01d7-b131-45f2-a5f9-8d89002d656a,e998abe0-b6d9-4168-ab0d-a37881ebaaa1,175c8aaf-7c13-4a30-a3d0-c61caa261167,Edge case discovered; updating test coverage.,2025-04-28T15:06:32.357847
de7ba97b-ba97-4041-af13-8cda13acd976,13e5c189-2708-4078-a326-2c684a22c675,70809490-2904-4583-a48b-a08cef6e99ca,Validated locally; requesting peer review.,2026-01-27T06:41:32.357847
3037b658-a5cb-4f64-9a8e-de4914565e9b,fe9f36cd-7386-4d5b-86a2-ee1c9d625838,a21a7586-f0a6-4043-a7ca-ebbedf389120,Dependency pending from another team; tracking ETA.,2025-10-19T21:02:32.357847
682ea89e-652b-4031-b2d4-5d13a9b627b6,66bd5d53-e902-4737-bb78-2dba64829004,b047a288-93fe-48f1-80ed-bb442a77d9b6,Dependency pending from another team; tracking ETA.,2025-12-02T11:33:32.357847
ed57d6c4-d87b-4159-993e-f5652805fcb7,01d36e51-4441-4e33-8491-22d754305d21,9bff5a1e-fa7d-465a-b81e-4c5e0860c88c,Repro steps added; please verify in staging.,2025-04-08T11:36:32.357847
7decf15e-1c36-406a-85c1-dbe4366cd4e0,1e03f35f-5015-4743-a94b-2cdbbbc2c692,e7235c2d-9408-44f6-8e66-dd5de0a30f4b,Customer impact confirmed; prioritize for current sprint.,2026-01-06T01:09:32.357847
5c7e7cc5-776e-44b7-b444-ebe739e80eec,bd5e358a-6405-4fc1-9850-6fb2c760a54d,73a7ea69-9a86-4e9e-bd65-ed3f7e2d84a2,Validated locally; requesting peer review.,2025-09-01T15:26:32.357847
23f16fcb-f08a-4c37-9abf-ad5c7542d10c,06d4286c-633c-465f-882b-d7db35d2de96,6c428a28-c8ce-47b4-8e25-367ef699f49c,Validated locally; requesting peer review.,2025-08-16T21:40:32.357847
6a04223d-70f3-4299-9dbb-3f8bc9267c44,c0b2fc42-b729-4065-b806-bc2a6e741bb5,e4f65f02-a2e1-4409-9eb3-02d18e1d2707,Repro steps added; please verify in staging.,2025-08-24T05:16:32.357847
12323dad-9b16-41ad-b1f0-34336ad5500f,bb63a217-40fd-4ff7-9713-862152aca5e2,6f4b4c95-5f0f-439f-bb66-6e5aecb854b0,Needs clarification on acceptance criteria.,2025-04-23T20:23:32.357847
6ec7dc83-b306-4013-8294-8bcc5ec921d7,699b073d-bbac-4f99-8efd-a98d10929026,e49a2a62-ad40-4521-86e0-7f80f5deb287,Validated locally; requesting peer review.,2025-09-14T07:33:32.357847
55314755-ce9d-4c78-886b-85975c5108bf,c84cfcbe-98f8-41da-a705-cc89b84afd33,74cc4857-5494-4613-8e19-865b201e72d9,Repro steps added; please verify in staging.,2025-06-01T13:21:32.357847
1018a55e-38c7-465b-b593-f652626fc89c,e8375419-42c1-4acb-b1a6-42f7dcbebcd5,01d0e194-98ae-4f05-ac9a-02ecfb30dabd,Validated locally; requesting peer review.,2025-05-02T01:09:32.357847
89e2bf59-36c0-452f-9837-2951fd419551,4e3e7e05-3286-4e8f-9039-dd05d10d275c,69266b0c-2609-4424-809d-a4b780c987c4,Validated locally; requesting peer review.,2025-05-21T02:51:32.357847
6e78d865-4a01-4d42-acca-d6d1010901e4,5b8b138d-6702-4ccd-9ef9-58c9222ab763,30baff5a-b54d-4c47-83c0-e0d1a2891474,Edge case discovered; updating test coverage.,2025-04-26T22:47:32.357847
dd064879-5f32-431c-bafb-1996d51bdfdd,1386b945-2b35-42a9-ac57-59f790a365fd,ed49e0d4-4ea1-4631-a261-244d3c640529,Needs clarification on acceptance criteria.,2025-07-25T13:49:32.357847
9b1e2a7d-4d27-4a43-863d-20a4de9b27b2,d7dbfd80-dde1-45af-9990-aa246d2e9bda,d8f4b16d-babd-4594-823a-8d00bf27e5f5,Dependency pending from another team; tracking ETA.,2025-10-05T01:55:32.357847
cbca1fb8-8568-42bd-b887-bc0fc065e41c,6d2eb80e-f895-4933-9c79-1cc511871cf8,19e506dd-6df1-4535-aeb0-02d6d4192440,Dependency pending from another team; tracking ETA.,2025-04-25T04:15:32.357847
1bde19b9-cefc-4b32-8b0a-9486cb3e8a14,8b151c7d-b363-4398-98e7-6c7882126ba8,02f1e7be-a047-4fd1-b9e6-1eea4cb6f6fb,Repro steps added; please verify in staging.,2025-12-04T16:09:32.357847
bed3d30b-b8f9-4075-b32a-e33da2b0ace7,95fea962-6052-4dac-9bca-6ae2e5b77275,d10adff6-a84c-47aa-9231-b4a231fb5cb9,Dependency pending from another team; tracking ETA.,2025-07-06T12:20:32.357847
581a0976-1de0-452f-a7f5-2ce1577164cf,9c86c5db-5a28-4afc-9ede-f677f5856e2d,b047a288-93fe-48f1-80ed-bb442a77d9b6,Validated locally; requesting peer review.,2025-09-16T18:21:32.357847
2d96e9bc-ee2a-4bb9-be9f-d2a4169ba720,56e4a32d-5c41-455a-a747-29563046b2c9,62141419-f7ea-4e3f-a1a0-d061743c51fd,Customer impact confirmed; prioritize for current sprint.,2025-08-29T05:18:32.357847
c2b5d10f-7596-49b4-b539-f834c7633cc0,bd40d5f1-12bd-4718-8d8e-de35aec8553e,dc065fc2-fa90-45b1-b5f2-d19a7298f15d,Validated locally; requesting peer review.,2025-04-29T15:27:32.357847
54614035-7cb7-4384-933d-f9580b271d79,f91badb2-02eb-4f73-8739-4fe68bd2e844,ecab067f-e894-42b7-9fb3-71e2e447b126,Edge case discovered; updating test coverage.,2025-08-27T09:09:32.357847
7c83deef-eac1-4f0a-b50c-f9db96aed86e,bc15346d-7e58-4d1e-874f-6c7468a666d2,46d578f9-2d4c-4eb5-9cfb-0ff55587b427,Validated locally; requesting peer review.,2025-12-08T04:15:32.357847
a869a519-08da-4b2b-a9b6-832e8fc7d5a0,ed82cd46-2144-42a9-8c85-e2750ab0b3f7,842e6f54-8d3e-4a1a-98a9-715ba68259ea,Edge case discovered; updating test coverage.,2025-07-01T06:17:32.357847
4a651374-3095-4425-be0e-f94cce41e07e,ed82cd46-2144-42a9-8c85-e2750ab0b3f7,6261dae2-20a8-498e-92ab-21021d9a0663,Repro steps added; please verify in staging.,2025-06-10T15:17:32.357847
4d71c35b-86e2-4971-b25b-27646919441e,400eaa34-d528-4f65-a026-0ae1cb844726,00e14dc8-60a6-4d59-8438-1166e7908138,Needs clarification on acceptance criteria.,2026-01-26T15:28:32.357847
2e4e2734-8e6e-420d-aa2c-f676225a3204,ed52a37b-8a3f-4b55-b3bf-a89594bdd3ae,5de2a4d2-5e89-4e98-bf6c-07843fff23e6,Repro steps added; please verify in staging.,2025-12-14T01:08:32.357847
f3f55963-a441-43e9-9f7f-38bcd63656bd,1e03f35f-5015-4743-a94b-2cdbbbc2c692,f226438b-e0b3-4907-854c-f21243564da2,Needs clarification on acceptance criteria.,2025-12-21T23:09:32.357847
0f42bfff-623b-494c-aeab-1f76619cf89a,e40faadb-2378-409d-b2c9-c5c5f0aa60be,b0c454b8-e3b0-447c-b351-923b66ccb138,Customer impact confirmed; prioritize for current sprint.,2025-04-28T03:14:32.357847
2a7b42eb-672e-41e8-8d5f-76f858f76091,b1c66b57-aea6-4d4d-8ec2-dacc1a6cd29e,15f0ac69-0996-47a7-b823-681b50548f27,Repro steps added; please verify in staging.,2025-08-26T07:46:32.357847
bb6bcaf2-7ba9-4307-8461-f017e493883a,a43120e5-306c-40e7-865e-73cb1b8c639f,dd0ee5c0-2c57-42aa-8085-4dd47b71b925,Dependency pending from another team; tracking ETA.,2025-10-13T00:21:32.357847
a76ab1cb-e3b1-4b4c-85f8-4b83ef1cf7d4,16b38650-d003-4a79-bb48-103c356b3e43,bdfaa3fe-2a05-4eec-852c-e04bfa5c1f57,Repro steps added; please verify in staging.,2025-06-01T23:05:32.357847
7900a09b-f643-40ba-aa4f-130676337074,a3d9ec9a-eba2-48f1-b110-6c7c1a0cd9e1,65678bb3-769d-4f38-87a7-f545e3ccf2e6,Repro steps added; please verify in staging.,2025-07-09T19:44:32.357847
307ed9ea-4c00-4f5c-ba4a-e04acd607124,42d0aaa0-1fe5-4ace-96f7-7a2dcbeae75f,6c428a28-c8ce-47b4-8e25-367ef699f49c,Needs clarification on acceptance criteria.,2025-07-16T08:48:32.357847
742b39df-ab4a-4f7d-8f90-b9468f505b36,6bcb0731-6c5c-4581-8089-8e10ae0b57c9,88531282-48b9-4ebd-abb7-c6e125d8911a,Needs clarification on acceptance criteria.,2026-01-13T16:59:32.357847
6ad5ef81-053f-4276-8167-62c49aaaa3e4,cd6517e4-6a76-4a5c-9877-cc37ae0f5999,30baff5a-b54d-4c47-83c0-e0d1a2891474,Repro steps added; please verify in staging.,2026-01-12T16:53:32.357847
c0104f33-428d-4fbb-bfff-ed4a0660df10,6a8dccbc-4980-459f-a57d-7ab200130fe0,625cd1fe-f894-496c-8836-cd9ae52baf62,Customer impact confirmed; prioritize for current sprint.,2025-09-30T18:44:32.357847
80464717-b7dc-40ab-a678-f0626a119af6,93da7325-fe3c-40c3-9d28-a776832f942e,cbe27adb-75c9-4865-b348-9dcd44a3bd66,Edge case discovered; updating test coverage.,2025-04-28T22:40:32.357847
d25c2642-8956-4c38-81b8-eab67a254295,95cb04fc-0da7-4d81-afc6-ef452e16a6bb,b072f140-8958-47b5-9ebe-f2b87000ca07,Edge case discovered; updating test coverage.,2025-05-19T08:22:32.357847
ae4e4f88-ac93-401a-a3a4-766b827b58f1,699b073d-bbac-4f99-8efd-a98d10929026,dbe21870-ab0d-45f5-b423-29d8c49bc9a6,Validated locally; requesting peer review.,2025-08-27T14:33:32.357847
44d402c1-b6d2-4142-a686-209628a93fba,1f7b26f8-fa41-4529-88ec-6ada963fe5db,ab4c445a-7185-442d-91a9-8c461f10842a,Dependency pending from another team; tracking ETA.,2026-01-07T18:51:32.357847
0729ebb4-cd41-433c-9959-d59d6ff1d128,4ba16c69-c400-441d-a220-3b93cf469907,6fe3e974-b757-40bc-acf2-c6a578487a51,Validated locally; requesting peer review.,2025-10-28T20:42:32.357847
5696bd5c-be8b-499d-9727-cef65d6f826a,66816948-e2eb-488d-bf3c-247f2d8c042b,edfecc10-0823-41cf-9e8b-cf5c6047cbf6,Repro steps added; please verify in staging.,2025-08-18T11:43:32.357847
c9e471fc-af77-43b2-8eb6-f2589d3bce03,353ac1db-ad84-450b-ae6f-27bf7166b805,d937dea8-d659-48d8-9eb9-76394ceb652e,Needs clarification on acceptance criteria.,2025-12-06T07:48:32.357847
2fb7e6c0-b290-4bd3-8919-5fad319dabc9,7b409170-993b-417a-b678-b68a7b4cab21,cbe27adb-75c9-4865-b348-9dcd44a3bd66,Edge case discovered; updating test coverage.,2025-12-10T21:10:32.357847
6a9ebf24-980a-450e-aeaa-67d3798b1c14,2ee80a3f-6dc5-4266-ad2b-9945764a1b1a,63783a28-0550-4351-b81d-07ec93eac18d,Edge case discovered; updating test coverage.,2025-06-16T11:36:32.357847
dd4e5f96-87e1-4eae-8ffc-6a3cf3b053e0,f3ea17c6-cd87-4ac5-8c03-8dbe9cd2cea3,17b595b8-e800-4412-bc6d-03ee82792e10,Needs clarification on acceptance criteria.,2025-09-19T18:52:32.357847
0918dd43-e701-416b-902b-5f4257b81650,83a1c54b-8178-41d6-8e8f-c44577cbc94a,90773d03-0648-48d2-a7d6-91ec91937767,Edge case discovered; updating test coverage.,2025-09-15T00:49:32.357847
c8faabaf-3ca6-4d32-b211-0024c0282302,793e54d0-a4d0-4538-96b1-7951c15f5079,f366497c-54ba-442b-b057-a733bfd7df21,Edge case discovered; updating test coverage.,2025-09-20T09:04:32.357847
a68acd21-8337-4d09-a837-7371b15e20ef,74ca4121-d6bb-4458-9e7f-463141405ded,27444ab6-5af9-4cc4-865f-35101ec16ffd,Repro steps added; please verify in staging.,2025-11-20T18:38:32.357847
eeb08395-5ff6-42a8-9575-781dcf955fb9,d9a96cef-0d91-4ecc-95cb-d1846e866249,97d0becf-2637-46ac-a2cd-6eee718074d0,Needs clarification on acceptance criteria.,2025-05-17T02:14:32.357847
0bd13e0d-1f12-4429-a027-5104ac4419b7,88c4b100-212c-49b6-99ff-2a8174b4a04c,c493aaaf-8108-4fc4-ac3e-c2d4fe63f92b,Validated locally; requesting peer review.,2025-04-07T21:18:32.357847
e50bb9d7-b4e5-45f9-81b8-54f3ab27d5b9,b88a9b59-065d-42af-9478-90672a1e3e29,dd905336-501b-470a-8e4b-2fc245179ba5,Customer impact confirmed; prioritize for current sprint.,2025-06-08T01:54:32.357847
f47b6434-9461-4de3-b52c-c3a647495a8a,935d1781-18fa-4f3a-9af3-f2d2c1781514,07b1e93f-1717-499c-b985-ff0c1289846a,Edge case discovered; updating test coverage.,2025-12-03T11:32:32.357847
ebc280c7-efe8-47b3-90a8-7a134daa8f2a,c9af92cb-f926-46e9-81ff-915d0ae41fb2,08a53ea2-63e8-4ca8-9451-c16e9e8984b8,Customer impact confirmed; prioritize for current sprint.,2026-01-29T14:16:32.357847
30b896cc-6c7b-4273-8b7e-c09efe38b840,8bbf9c32-c11a-49ed-8265-01ed7ad624de,dd2cb7aa-0512-4ad3-b4ce-dbc8a0592a6d,Needs clarification on acceptance criteria.,2025-08-10T09:19:32.357847
bf59da01-c5a0-46c3-9905-a9ec04c2fabb,4cd75aa3-65cc-4e5d-8d88-da0f917fa57d,62141419-f7ea-4e3f-a1a0-d061743c51fd,Repro steps added; please verify in staging.,2025-08-11T03:48:32.357847
f0425eec-56b5-41ec-bd43-cfb4306c14e1,a9525116-283a-4ed6-8d19-bf4807a9f69b,03f6c768-2452-4dad-ac81-769655738bcf,Customer impact confirmed; prioritize for current sprint.,2025-12-27T13:38:32.357847
015ce2a6-27a8-4797-af38-79e7ff1c882e,9e382398-7cc1-426f-9764-e391a0dd361a,3dd774d1-a439-4ed4-ac5d-2085afac01d5,Needs clarification on acceptance criteria.,2025-06-15T03:21:32.357847
70198f33-d208-41e1-a464-13a4bd839e41,bd40d5f1-12bd-4718-8d8e-de35aec8553e,cfcab422-65de-4fc0-9ada-02b2c3c55d56,Needs clarification on acceptance criteria.,2025-04-04T07:27:32.357847
7b636573-8caf-4339-8408-e2ef6ef73eab,1cf7f92d-5515-4f89-a7b8-ac425f862a2d,482be5c3-111b-4be8-9cd4-6680e4bb406f,Edge case discovered; updating test coverage.,2025-11-10T00:47:32.357847
a00ec9e5-5eba-46e1-9060-990610c9df83,74d4d7ab-48ee-4013-ac88-5b641b71d7d8,b41cab0b-7765-4647-8531-176120d6acb1,Customer impact confirmed; prioritize for current sprint.,2026-01-05T22:24:32.357847
9e05a0c5-21e6-4297-8e4d-c4127a38af1e,576fdd13-4c14-4ad0-bc91-6dc55b9ad932,e15cf9fd-16fe-4f21-a0c7-3c11bd3d1831,Needs clarification on acceptance criteria.,2025-09-14T09:57:32.357847
9e1610ce-8493-4c4f-b906-1126615fb412,af35da00-ea82-409e-9bd5-a0c4c5aa7aa1,e49a2a62-ad40-4521-86e0-7f80f5deb287,Repro steps added; please verify in staging.,2025-05-30T14:34:32.357847
c0685463-5dc1-4623-aa57-f143be113055,d47b1de6-5c9e-49c4-9225-9da306ee1820,fe047607-c76f-4330-b65d-e1e303f1dd4d,Dependency pending from another team; tracking ETA.,2025-10-25T01:09:32.357847
a8dccf54-de4f-4583-85fa-0cae74a2271a,aa0efd73-2f21-49c1-978a-1f2cf7b3ea36,a7bcccd0-5bae-4a72-943b-bc650f361123,Edge case discovered; updating test coverage.,2025-11-24T01:43:32.357847
9e26fb69-718c-457b-bcd8-af7e0f562d6e,06d4286c-633c-465f-882b-d7db35d2de96,105bd5e0-b4fa-41b4-ba04-8b1cc45f4df1,Edge case discovered; updating test coverage.,2025-08-29T00:40:32.357847
9c91bccb-1865-44f6-bc76-9ca27bd7a62b,946babed-84b3-4ba7-9837-b382bd410e9a,b9587822-329a-4b88-92a3-4456c8cf7184,Dependency pending from another team; tracking ETA.,2026-01-03T03:01:32.357847
7efa8c09-8da9-47ac-a17e-a39966ccf20f,eaac6581-fad2-430a-933c-74fb8107abb6,e15cf9fd-16fe-4f21-a0c7-3c11bd3d1831,Validated locally; requesting peer review.,2025-05-14T02:35:32.357847
ad6484ac-bf95-4e9d-887f-49a05bd1113c,072d7600-5bc0-4f11-8e3c-7211a2b43bbd,69266b0c-2609-4424-809d-a4b780c987c4,Validated locally; requesting peer review.,2025-09-25T08:11:32.357847
04b0ff02-be3c-42ba-b53e-0c46466017b7,1eb27ed2-c9fa-4176-a5ea-745942f90fcf,69266b0c-2609-4424-809d-a4b780c987c4,Customer impact confirmed; prioritize for current sprint.,2025-04-30T10:13:32.357847
a25fb31e-5126-4aa9-879c-6a3caece5b9a,2e7dbbb1-b887-4919-aa45-9d9066f16961,d10adff6-a84c-47aa-9231-b4a231fb5cb9,Customer impact confirmed; prioritize for current sprint.,2026-02-01T14:37:32.357847
67430ebf-2cd0-4bad-81f9-724268293398,95fea962-6052-4dac-9bca-6ae2e5b77275,e50e3397-0cec-4839-9e5b-b806867328f7,Edge case discovered; updating test coverage.,2025-07-23T09:20:32.357847
4d20676f-7e94-4524-987a-32c72fbe1fd4,1fd05787-730a-43de-b7ac-80b8cbe08c47,b94355da-b45f-49bd-96f6-e462010496c5,Validated locally; requesting peer review.,2025-10-27T18:47:32.357847
0a692cff-1521-491e-ad27-9de8084b967c,a14e6ad9-fa99-42f5-aeae-fd245b615505,6682c0e4-4f59-4cfc-86f0-b3fe50da57e7,Needs clarification on acceptance criteria.,2025-09-25T15:03:32.357847
64a7a108-0631-4fea-9ecb-35b9c4f1baac,2bea6f03-b30e-4263-b937-6ad72857e4cc,0c39a7b0-6ef2-48ce-8378-447113ce674d,Dependency pending from another team; tracking ETA.,2026-01-07T22:00:32.357847
34438012-21fd-44c8-928c-a280a2406d89,3b05782a-9cf8-4c8d-858f-e036dd54269d,fa3cba1e-b92d-413b-b384-9ee6a042b923,Dependency pending from another team; tracking ETA.,2025-08-20T20:43:32.357847
e984b666-0d9b-491e-b1e3-09aaecace2e8,865a2360-f26b-4135-a0a0-bbd7d950387a,9c02356a-de2c-4ab8-b9f7-44550db02218,Repro steps added; please verify in staging.,2025-06-13T18:30:32.357847
a2bb7428-ff19-4a16-b3a3-2147d0a5b5b5,d1329bad-fc61-4c35-af3e-d737e260d324,58e50ef3-c9ec-42c5-9e27-b819b293783a,Validated locally; requesting peer review.,2025-12-14T16:03:32.357847
2affb800-25ec-40aa-b05e-2b3090accc94,ea07b487-4a6d-4b86-bc07-4a476ffe49f4,bebdb131-5c8d-441b-9e35-3370b9fae4d4,Edge case discovered; updating test coverage.,2025-09-12T02:59:32.357847
c930f549-a51b-45d0-91ef-b0506ed28dc0,74d77eec-2d2a-41d0-b8a9-15c4c97fbf9a,62cb7e50-288b-4e86-ba91-2641bdebb174,Edge case discovered; updating test coverage.,2025-09-06T16:08:32.357847
3aa609e0-a22b-483b-9397-4a897df275bf,61800138-440d-4e21-a5bd-5a2162a59eb9,c9917cc9-e786-4652-815e-30a8271324f1,Needs clarification on acceptance criteria.,2025-11-16T00:54:32.357847
a6caab01-8c1b-4ced-8b54-7e9711dee480,6c74ef6a-e4e9-46f4-92cd-9ae5cb18927f,566b4a56-d19c-4afe-bf1c-b5f59a6d10b5,Repro steps added; please verify in staging.,2025-08-18T17:32:32.357847
9aa5f0a5-e035-4008-9119-d5a5cc20b21a,4e3e7e05-3286-4e8f-9039-dd05d10d275c,1ad57dce-2989-4f06-b9f5-0c4143b33d5c,Repro steps added; please verify in staging.,2025-05-24T04:51:32.357847
7be2b8a1-abd9-429c-a2c8-1cf85e3528ad,b924ecf2-b193-4cb3-8237-f6b998953e05,98b8a1a0-5750-41d3-8656-a449fbc1cd82,Customer impact confirmed; prioritize for current sprint.,2025-05-06T16:52:32.357847
9181a065-7eb0-40ef-a5d4-65aaa6c05178,1e03f35f-5015-4743-a94b-2cdbbbc2c692,97d0becf-2637-46ac-a2cd-6eee718074d0,Validated locally; requesting peer review.,2025-12-21T10:09:32.357847
cbbb135d-e7d6-43b9-af60-5e7b14e996bb,fcaa634b-551d-4959-9ff4-caa1d4b47d76,bf6cce2f-d4b9-4d07-8dd1-25c21488ad84,Validated locally; requesting peer review.,2025-06-18T03:51:32.357847
64e204ec-1f41-44ea-8915-c4a61cdfaebd,76337d57-1a4a-496f-87d8-51f9cfb94e31,f55bdf0c-02d9-4d52-8ebc-d1a3601b481d,Repro steps added; please verify in staging.,2025-04-28T14:45:32.357847
6e731ad2-7dee-44f9-b819-4a3f250a521f,cca30e6e-8fb1-48fa-929f-674ec0aaf793,df7b91be-2194-4607-b1f0-0a637fee47de,Customer impact confirmed; prioritize for current sprint.,2025-08-02T11:14:32.357847
945fa1c3-a2e9-42e3-8eb6-e6d0a364a020,6c74ef6a-e4e9-46f4-92cd-9ae5cb18927f,45aebd68-5100-4bc8-9222-3422e2ee2e00,Customer impact confirmed; prioritize for current sprint.,2025-08-27T11:32:32.357847
be42eb7a-92ea-4c72-8b48-f0b16175fe6e,66816948-e2eb-488d-bf3c-247f2d8c042b,93f3ad5a-c127-4748-9fe0-4c8f82acf46c,Edge case discovered; updating test coverage.,2025-07-25T13:43:32.357847
86848019-71a6-4d2c-8b7f-a6ac4dcb209e,2ad297c0-865f-40f2-b3ed-3ae2d15366c2,ef063776-87ab-4398-a733-925473b850bc,Needs clarification on acceptance criteria.,2025-09-05T07:27:32.357847
c63ef7d3-b861-44c4-9e8b-ae3419e26348,8adda54a-5529-43cf-84b2-68f40d2cf71a,1c3b506e-f35b-4f7a-a64c-95606171bd4a,Needs clarification on acceptance criteria.,2025-07-19T06:19:32.357847
ab9aa7ab-cc7f-4abd-b490-2df0c4de34fc,2dc970f5-948e-4c64-a1ea-399be4e95bd0,70809490-2904-4583-a48b-a08cef6e99ca,Repro steps added; please verify in staging.,2025-12-12T23:37:32.357847
4bc67db6-3a50-4880-8ac0-b5eaf7ffe0d1,d28022e0-44d2-44cb-8ab6-d29ce22c2dd8,166b7362-131d-405f-bce6-ff144f34abb5,Repro steps added; please verify in staging.,2025-12-08T19:13:32.357847
18150f02-fbe0-485c-81e1-3ae39357fe06,865a2360-f26b-4135-a0a0-bbd7d950387a,2a31611b-4398-48f8-b95d-d6926c05a15c,Validated locally; requesting peer review.,2025-06-07T15:30:32.357847
91d2f76e-89a9-41dd-b1f2-798773307d5a,25be9ae4-5fe4-4734-a6d7-3e0805e73033,2df6eb38-96e0-445a-bc47-ae60d8542bb0,Repro steps added; please verify in staging.,2026-01-04T18:51:32.357847
346adca1-a2b1-4805-923f-470281e8b292,0c20b817-47d7-45a6-8136-cd2c8f3d069c,edfecc10-0823-41cf-9e8b-cf5c6047cbf6,Customer impact confirmed; prioritize for current sprint.,2025-12-02T15:31:32.357847
362a4f92-29ad-4252-bb79-82a7b2d97f86,2dc970f5-948e-4c64-a1ea-399be4e95bd0,b547b5db-adb1-42d5-8992-532498f4cbaa,Needs clarification on acceptance criteria.,2025-12-20T14:37:32.357847
cd589094-9447-4860-bcb8-54b82c08927a,0c20067e-5b79-442a-b828-a9d4e68e8287,44e34910-a4b5-4ce7-afdc-4b2b5d685498,Repro steps added; please verify in staging.,2026-01-01T10:15:32.357847
d4d009de-cc4b-494e-8455-eb209695edc8,072d7600-5bc0-4f11-8e3c-7211a2b43bbd,1ad57dce-2989-4f06-b9f5-0c4143b33d5c,Dependency pending from another team; tracking ETA.,2025-09-12T08:11:32.357847
40583ac0-589b-4581-8662-7ee1455b0aef,24673c2b-e3c8-43c0-8707-d53eaa8f1948,9100fe3a-a319-4c9b-b4c2-9523e38f9c0c,Edge case discovered; updating test coverage.,2026-01-26T18:00:32.357847
836af139-4331-4dab-a410-75b1ad5063e3,13dff970-0b64-4451-b2b1-5514c6cafcfd,94a1a888-ff17-4c9f-81cf-8b8d2b614dde,Repro steps added; please verify in staging.,2025-05-03T11:31:32.357847
5ebb66b5-8413-48c9-b7c2-5643954c94f8,2dc970f5-948e-4c64-a1ea-399be4e95bd0,3456e1b6-dc8c-4077-bbb0-76a3e7841620,Edge case discovered; updating test coverage.,2025-12-21T15:37:32.357847
0551e2e0-7c74-4a74-8a13-754dea798540,df29bdfa-3729-457d-a74f-418433849cb0,963e22c0-80e4-4b5d-977d-44560649642e,Customer impact confirmed; prioritize for current sprint.,2025-11-03T16:55:32.357847
8ae4a72d-ce4d-4063-aa6d-377784085e5d,5f861f0f-9eaa-413f-950e-ee550d014be7,f821bc02-6dca-41b1-9a68-f8edcc4053aa,Customer impact confirmed; prioritize for current sprint.,2025-08-27T23:28:32.357847
e1c71b85-362e-47ad-9729-89b851c8af86,15b99b4d-879c-4fa5-83de-f65d497c5898,dbe21870-ab0d-45f5-b423-29d8c49bc9a6,Dependency pending from another team; tracking ETA.,2025-09-21T10:44:32.357847
f161f080-6882-41be-848e-42825f52e570,4dc3ba84-78e8-4bc6-85c2-dcb98ca5f920,cec1df94-7b97-4d42-859c-2fcab2bce13c,Needs clarification on acceptance criteria.,2025-11-26T19:29:32.357847
6fc153a3-0326-4e42-b2a0-bfa842dddefc,9902653e-c6f7-466b-88f7-f8e4465a7564,3a5bfe08-cb96-423f-b39e-ae5aaad6eda8,Needs clarification on acceptance criteria.,2025-07-03T00:41:32.357847
c3ce1944-10aa-40d0-a720-8bac546d176a,5d5fb344-51a2-4ea0-8f08-2072fe3bc3c7,7e346db1-dff0-4136-b551-b2a8b1962bcb,Dependency pending from another team; tracking ETA.,2025-07-26T23:20:32.357847
86669108-f9db-46f6-9453-66ea5118bf67,793e54d0-a4d0-4538-96b1-7951c15f5079,10a35013-fb8b-4ac9-ba2d-86a88f271ab2,Needs clarification on acceptance criteria.,2025-09-30T15:04:32.357847
f7242762-b4af-494c-b4a8-a25e51f29659,24408dfc-7049-4536-9553-d9e877253dd5,ee574da4-3269-4ac0-964e-f4cf1615c34c,Repro steps added; please verify in staging.,2025-04-23T07:04:32.357847
0150bb9f-738e-40d8-8089-91cc390027a8,b2e9d794-1878-4e0d-8893-50d2af7dc3ad,c18d0d17-435d-47e6-8493-c32e65c84ead,Customer impact confirmed; prioritize for current sprint.,2025-06-17T20:55:32.357847
47ae42fd-abd8-42a8-85a3-7aff68448d2d,4e3a50ff-f24a-450b-bf67-addd23d17516,e703b61b-0de4-4fda-afd1-36a9cc586390,Edge case discovered; updating test coverage.,2025-09-08T16:07:32.357847
fb537e5e-7961-4c35-a2f6-e6a66a5900f5,9faf4d30-1d61-46c6-a632-38dc597181db,a30b85a0-7480-4e37-88a7-655c4a80595b,Repro steps added; please verify in staging.,2025-09-15T12:54:32.357847
927be641-da08-41f0-85c3-236312d9d671,7dc1296e-0b2a-437c-95f6-394357226a37,26f534da-8261-45cb-8ede-b02e997eba41,Needs clarification on acceptance criteria.,2025-05-15T21:45:32.357847
4cd128dc-1810-426f-8c8e-ab03f8f6f8be,574988f4-dee3-41ff-9806-af2b8d319506,b31eaff9-ee5d-48ef-b7ee-687285df3dc0,Validated locally; requesting peer review.,2026-01-05T09:58:32.357847
867db1fb-84e5-442d-81a6-7323d5234908,a7632dff-fe0f-4bbe-8646-44435092d151,b5f326b0-1e96-453a-87ca-09436a987fae,Edge case discovered; updating test coverage.,2025-07-16T12:58:32.357847
e519025b-ea54-425b-a3b7-bbed1fa8a11e,43867a00-ae35-40ff-874f-464a86e8fcb5,f562dd8f-89a2-475e-b4c9-1a593d0ce113,Validated locally; requesting peer review.,2025-04-29T13:45:32.357847
404111d2-a9e5-4dee-9777-b50921699dd3,dc8399bf-f7bd-4446-8956-9116ba3593e1,4b899935-5aa4-4410-87d6-fa085e465475,Edge case discovered; updating test coverage.,2026-01-24T15:00:32.357847
ed90c73c-562b-473b-90b3-70d0f8050b02,dbf0347e-3b29-4664-bcf8-6cc5dbd76b9b,70809490-2904-4583-a48b-a08cef6e99ca,Needs clarification on acceptance criteria.,2025-05-20T03:03:32.357847
be51af7b-511b-4f20-97dc-3b8998271aaf,ea07b487-4a6d-4b86-bc07-4a476ffe49f4,a21a7586-f0a6-4043-a7ca-ebbedf389120,Repro steps added; please verify in staging.,2025-08-18T01:59:32.357847
4cfffa4b-3764-4a8b-b550-4e518ffcfc4b,771b5a5d-b67d-4476-b951-2a32b3287b33,bdfaa3fe-2a05-4eec-852c-e04bfa5c1f57,Needs clarification on acceptance criteria.,2025-08-25T04:52:32.357847
0d50005e-0752-42f5-b147-4c059d21dbf1,8f12d81c-0613-400e-ad04-8fb1d84e0a8e,7e346db1-dff0-4136-b551-b2a8b1962bcb,Customer impact confirmed; prioritize for current sprint.,2025-08-14T20:56:32.357847
8f8058a0-e68d-4b73-9d3f-0953b1eadf23,60d8c0ba-aa19-43bf-a917-9d1761e3d358,3443e834-3f97-4088-b8ce-8617916842cb,Customer impact confirmed; prioritize for current sprint.,2025-06-12T15:18:32.357847
3dc20f5d-b26e-4200-9f7e-918b0d8b632c,1946b9fc-aeb7-462f-86ac-6eb41645a170,04e5858e-b28b-4dbc-84c3-c751b03393d2,Repro steps added; please verify in staging.,2025-07-23T04:47:32.357847
bae2a6c5-d3db-4795-b16a-d26bc863f14e,fdf0e578-9221-498f-8d1f-a780ee583299,c17472bb-f766-4fe1-91f1-ca90a21e0f4f,Customer impact confirmed; prioritize for current sprint.,2025-07-17T06:30:32.357847
a458ce01-f716-44fb-b651-fbffefd37397,7a328e0e-a4de-4eac-b1bd-731d58501540,7f28854b-cc07-4464-9ba1-679525aadfab,Dependency pending from another team; tracking ETA.,2025-06-13T19:54:32.357847
aec0331a-6681-41aa-85d7-7d3826748201,9be9c8c8-e478-4aac-8cc0-7849597ae09e,57daa10c-bfc6-4538-ae7e-4a671a29b493,Edge case discovered; updating test coverage.,2025-09-03T17:52:32.357847
d1fcf997-535e-47fe-ac7e-b17ffdaf9efc,4ada7efa-dbc6-43d6-ae38-c91f1a2ac0a9,39c0c7d1-037b-4dc6-a478-5c22dedd0bf6,Edge case discovered; updating test coverage.,2025-10-16T09:54:32.357847
ee7e0723-e064-4080-9350-c97823c4430a,952c430c-bfba-4a5b-9b93-0e92c02acbc1,e703b61b-0de4-4fda-afd1-36a9cc586390,Needs clarification on acceptance criteria.,2026-01-27T18:49:32.357847
8a721b00-6dfd-4142-98af-5863e289f511,402f3be5-6f11-4669-854e-38c445c5bb85,fd7d0227-3e7d-44ab-a45a-c60a92f648d9,Dependency pending from another team; tracking ETA.,2025-11-07T17:45:32.357847
aa60c982-68f7-4896-a30c-7199e00f6e37,aa02ee9a-b592-4b2a-980c-039a2010a73c,00e14dc8-60a6-4d59-8438-1166e7908138,Needs clarification on acceptance criteria.,2025-09-28T16:19:32.357847
d666a66c-51b7-4b60-8d7f-828bcacb5a42,42d0aaa0-1fe5-4ace-96f7-7a2dcbeae75f,963e22c0-80e4-4b5d-977d-44560649642e,Edge case discovered; updating test coverage.,2025-07-27T10:48:32.357847
47e38819-e41a-49b3-b930-27395da863ab,13dff970-0b64-4451-b2b1-5514c6cafcfd,f821bc02-6dca-41b1-9a68-f8edcc4053aa,Validated locally; requesting peer review.,2025-04-22T19:31:32.357847
2250ed3b-4ea3-48fa-9bca-1071af6b1cdb,1fd05787-730a-43de-b7ac-80b8cbe08c47,6f4b4c95-5f0f-439f-bb66-6e5aecb854b0,Repro steps added; please verify in staging.,2025-11-08T19:47:32.357847
d858a615-59e9-418d-b28b-cba37df613e1,026cf38b-add8-4bd1-bb1a-dfa909f6d053,95e44518-d431-4427-9beb-032d29367e3a,Customer impact confirmed; prioritize for current sprint.,2025-04-06T13:05:32.357847
de2d9c2e-2e2b-4c48-9a54-322d97be488f,6b2bfd57-2397-4d12-ab76-ca1dc5ef4ea4,53f60edc-f122-45c2-8606-e54e0d305480,Edge case discovered; updating test coverage.,2025-09-21T06:20:32.357847
a35e04a6-5caf-45ac-b8e9-65e5ad51b74a,e7d96dc7-17ab-4e62-80e2-2ae5f224b85a,9c91ed5d-bcae-4eb5-a6f7-4c1eb94ff1ea,Repro steps added; please verify in staging.,2025-07-25T09:04:32.357847
099c6cf7-b278-449d-8ae6-31bf7cec61b6,61800138-440d-4e21-a5bd-5a2162a59eb9,45475901-3bee-409d-bb53-c0e91981f3e0,Validated locally; requesting peer review.,2025-11-04T02:54:32.357847
f99d71f3-c64a-4ae7-871e-eeef171b2883,9aa094be-e33b-4d1a-935f-cb1976ffad27,3f379fac-c697-4635-a14d-f80ca891c142,Customer impact confirmed; prioritize for current sprint.,2026-01-27T08:30:32.357847
30a9aec1-d071-4a4f-a6b2-e13a238b45e4,5a18b766-3d8b-44b3-85b8-b74ac0f5c867,2598b9d0-5ead-4c01-8e80-c8b03d5f70e4,Customer impact confirmed; prioritize for current sprint.,2025-12-05T07:38:32.357847
d0d7aa54-396c-4d2a-a33f-cf15a7710433,0f6bdc81-f560-498c-9ded-bc8a784cfb6b,39fa89b2-2827-4c2b-8c3a-c65892a86d60,Needs clarification on acceptance criteria.,2025-09-11T19:56:32.357847
d5e62041-1739-43c2-b897-5fa2d8f9678e,353ac1db-ad84-450b-ae6f-27bf7166b805,322e0b90-47ee-465f-b8bf-29c7a98b7ed6,Dependency pending from another team; tracking ETA.,2025-12-31T12:48:32.357847
db1361dc-7d51-4aae-ab62-20db9b86b8e6,ca0ba8f0-8dec-49ec-9c5b-a9d3dcf1aae9,26f1b1f3-6437-47c2-9d8a-0f8176c5c1c4,Validated locally; requesting peer review.,2025-04-14T00:42:32.357847
bc6164c6-ff6b-4a23-8ab9-55299f620b5a,baae77ad-469a-4e44-ad14-5e4eb8a1715e,ddb8b866-f9af-4242-8577-23f536e33739,Customer impact confirmed; prioritize for current sprint.,2025-04-24T02:26:32.357847
39437c08-eb0b-4916-a3be-567f190e469b,cd6517e4-6a76-4a5c-9877-cc37ae0f5999,90f497b1-db5e-419f-bb2d-4bc353e57246,Dependency pending from another team; tracking ETA.,2026-01-14T09:53:32.357847
1ce3aea0-cd0e-4ae2-9b27-ac1559b15396,246d0ecf-00f1-402e-9945-8d9d548ef68e,1cd11c26-83d5-494e-a897-8e8aef31e696,Validated locally; requesting peer review.,2025-12-11T06:20:32.357847
82ea926c-0934-45ab-b575-a2ccd73a144e,bb528d22-4789-40f5-8e7f-9d361082466c,12154fe5-1595-4a7c-9e8c-387c65a0e7fb,Edge case discovered; updating test coverage.,2025-05-20T22:40:32.357847
efb47c0f-5e46-4519-a3c9-6ca5360ca7bc,0fc31a75-93e9-4d5d-933f-2981f736d872,303368b9-b572-421b-8daa-e27bfa9f7283,Edge case discovered; updating test coverage.,2025-08-27T19:43:32.357847
03d9f790-37de-4ba1-a54d-305ad7f4608c,8b151c7d-b363-4398-98e7-6c7882126ba8,45aebd68-5100-4bc8-9222-3422e2ee2e00,Dependency pending from another team; tracking ETA.,2025-11-20T02:09:32.357847
014cd7ac-4cc2-4de8-854f-1cc39117f7e8,0bd72aaf-0a0f-4ecf-bb18-bc4a6a1c9379,58e50ef3-c9ec-42c5-9e27-b819b293783a,Dependency pending from another team; tracking ETA.,2025-05-30T17:26:32.357847
10d559bd-18d6-4062-8c77-a151bd46b799,3184f5ae-afe9-4592-8346-a60d08f721cd,17b595b8-e800-4412-bc6d-03ee82792e10,Validated locally; requesting peer review.,2025-08-29T08:38:32.357847
eb2646a3-f585-4693-a184-76ef28a99251,aa865298-c8d9-43ad-a923-127f2fb2f04d,64a188e5-09bc-4324-ae78-b7167441c142,Needs clarification on acceptance criteria.,2025-08-13T12:52:32.357847
3bbdb0d6-95ec-473c-ac6e-d3dcdc1c740d,e746f8e1-3aa1-449a-aa9e-281b14cff750,b06a0a29-7795-4187-9d77-36028bbe5738,Edge case discovered; updating test coverage.,2025-08-15T03:00:32.357847
90c91316-1508-4a17-a76f-9d1d6d6b6f48,498110cc-4f50-4789-bf7a-ba2f7149dd66,353257cc-59fe-46f8-aeda-0ff41a03433e,Needs clarification on acceptance criteria.,2025-11-14T05:49:32.357847
20a6c97c-93de-48e7-8e85-793adf9ad0c3,2ad297c0-865f-40f2-b3ed-3ae2d15366c2,5cc641ec-5a77-4ed7-835e-e3408a6a7876,Repro steps added; please verify in staging.,2025-08-16T23:27:32.357847
0a29eb7d-88a8-4cd8-8cf5-21ceb70cc4c6,ec856587-d1a3-4297-9340-27988f392bb3,8c78b464-4746-48c0-a301-fcaad2b3318d,Customer impact confirmed; prioritize for current sprint.,2025-10-13T19:44:32.357847
5f3c2dcc-8103-4eb5-8c14-be4e1d179ea3,4254d609-08ac-4484-809f-25bc0c77ca5b,e54f2394-0607-4dc5-9712-978c61c0af9d,Dependency pending from another team; tracking ETA.,2025-04-02T07:58:32.357847
e01994f0-7add-4dce-888f-892d8f05ea5a,228b4011-44d7-4719-9ff1-d7036b8f71e1,ce3bf5f0-623b-44d9-9923-9e0db1af2ac6,Dependency pending from another team; tracking ETA.,2025-12-29T10:22:32.357847
2f1b87bd-b829-4faf-b57d-1070bd8e9e38,e2bba948-8827-463a-9f95-888e909c7664,ee64942c-9ef3-476e-8c34-b89f3852361e,Validated locally; requesting peer review.,2025-04-12T10:33:32.357847
cd77fcd8-cd50-42b6-93eb-a2fa460c70e8,3eb3fafa-989b-4fbd-beec-1dc540a40877,6261dae2-20a8-498e-92ab-21021d9a0663,Customer impact confirmed; prioritize for current sprint.,2025-08-31T03:33:32.357847
50503b0b-d708-4052-b7e8-55088e668320,e2bba948-8827-463a-9f95-888e909c7664,47f9f2d3-0f13-4cf2-97d0-9e57360aecbd,Dependency pending from another team; tracking ETA.,2025-05-05T09:33:32.357847
a588a7c0-fde2-42cb-9c14-6145d9626543,354faea2-94c1-4e38-a3b5-11ac2916d528,0e65d08e-97aa-4635-b221-7c975b7a5673,Edge case discovered; updating test coverage.,2025-09-29T15:14:32.357847
b80ff08d-d023-4a24-9654-207dbce472bc,66816948-e2eb-488d-bf3c-247f2d8c042b,c493aaaf-8108-4fc4-ac3e-c2d4fe63f92b,Edge case discovered; updating test coverage.,2025-08-18T08:43:32.357847
7a9bb288-ced6-4978-822c-dc9b091995bb,ac64c3e7-ab65-4dea-9c3b-eaa4e4ab04c1,e57d46e5-4203-497c-968e-aa1e6842d3d2,Edge case discovered; updating test coverage.,2025-04-05T15:20:32.357847
e697c268-12dc-4e0d-acfd-8e11d927afa9,e8375419-42c1-4acb-b1a6-42f7dcbebcd5,637d5776-4d21-4cfc-a590-aa5b7b049b2a,Dependency pending from another team; tracking ETA.,2025-04-25T10:09:32.357847
c9d85245-3486-4195-a755-03ece50e4bec,f673eb11-060b-4416-88c9-0f6fd19743bc,e54f2394-0607-4dc5-9712-978c61c0af9d,Needs clarification on acceptance criteria.,2025-09-30T15:23:32.357847
8f8da42c-77c4-4b28-b6b8-430a138390f3,0fc31a75-93e9-4d5d-933f-2981f736d872,9c02356a-de2c-4ab8-b9f7-44550db02218,Needs clarification on acceptance criteria.,2025-08-10T15:43:32.357847
77fe1b5c-530f-4e5b-8ff2-77e9d649d3fb,cd4af98e-61d3-422c-ac92-b2c5b8e116ca,0f97b4e6-5b83-4373-a73b-b7585363e65c,Edge case discovered; updating test coverage.,2025-07-06T09:26:32.357847
368fdc8a-9eae-4a87-a555-b88d479d4ffb,fdf0e578-9221-498f-8d1f-a780ee583299,e238e391-5624-4fb1-851f-4830a7dd0a7b,Customer impact confirmed; prioritize for current sprint.,2025-08-12T06:30:32.357847
e45e01fb-da02-4ef3-9229-1ada47788333,bb98cc8d-53db-4b18-bd5c-b12df5305c3f,17b595b8-e800-4412-bc6d-03ee82792e10,Validated locally; requesting peer review.,2025-04-27T11:36:32.357847
f8851227-644e-435f-bd08-ff2355889ab6,0e5a4014-5616-4d54-8e9a-268ebb43349d,286f07b6-9ea9-46e8-a374-551961258dd8,Repro steps added; please verify in staging.,2025-07-08T07:45:32.357847
1f637739-125c-4bf1-8c4f-af0f387862cd,5b648a0b-8365-47b5-803f-7b52dc33d7f4,62cb7e50-288b-4e86-ba91-2641bdebb174,Needs clarification on acceptance criteria.,2025-10-22T00:32:32.357847
9eabb80d-0bdc-4b24-a861-ec748aaa16e1,d28022e0-44d2-44cb-8ab6-d29ce22c2dd8,5fda3c06-aac1-471a-9440-ed7e0614d11e,Edge case discovered; updating test coverage.,2025-12-17T21:13:32.357847
b59a0be8-488b-4a79-bb6c-1d50a4381e80,22ff920a-9ace-4005-8687-8fbbdd76f693,01c3b90b-db7c-4004-982d-1cc36919c6c1,Needs clarification on acceptance criteria.,2026-01-19T13:55:32.357847
4bc65ad1-ae99-43b7-a535-0acaa7fda70d,181b0430-2737-41c2-aa3c-d7452b5d3d4a,98b8a1a0-5750-41d3-8656-a449fbc1cd82,Edge case discovered; updating test coverage.,2025-06-07T16:09:32.357847
4d8f77a4-20b8-4749-ba1c-b2e550d90883,bd40d5f1-12bd-4718-8d8e-de35aec8553e,dc065fc2-fa90-45b1-b5f2-d19a7298f15d,Dependency pending from another team; tracking ETA.,2025-04-16T09:27:32.357847
8232783c-24c8-446b-b381-cb4508f95aed,fdf0e578-9221-498f-8d1f-a780ee583299,c17472bb-f766-4fe1-91f1-ca90a21e0f4f,Customer impact confirmed; prioritize for current sprint.,2025-07-23T15:30:32.357847
6db9445f-f1b4-4abe-b40f-f9292aab6606,228b4011-44d7-4719-9ff1-d7036b8f71e1,2fdcf683-5132-463d-883c-c06838c143b5,Repro steps added; please verify in staging.,2026-01-21T11:22:32.357847
3435b7b6-58ac-4cf2-9c5c-4763e59cdaad,5a2d66fc-8617-401d-9103-86d3f38f3574,ee574da4-3269-4ac0-964e-f4cf1615c34c,Dependency pending from another team; tracking ETA.,2025-06-11T16:08:32.357847
5b44fba2-776a-4a99-9ebd-d1c365cde872,9fb04297-18e9-4661-976d-c061de14d2d6,dbe21870-ab0d-45f5-b423-29d8c49bc9a6,Customer impact confirmed; prioritize for current sprint.,2025-04-10T20:12:32.357847
9f39ff0b-026e-4545-a026-d7845cd2aaf4,c85c08b9-d81f-4f6f-ad0f-a37b6811d2fe,0c887bf6-9f42-41a2-beca-dc550500564c,Edge case discovered; updating test coverage.,2025-07-29T03:37:32.357847
13ddbc5f-c1bc-4c3d-99bb-a54a39b5f9be,60d8c0ba-aa19-43bf-a917-9d1761e3d358,4b9fdf23-319c-4ae3-a4ae-f101e667e93c,Repro steps added; please verify in staging.,2025-06-08T15:18:32.357847
59c231d7-ca74-411b-a305-33be4665bafd,f1a15e74-7de2-41dd-9228-b6c9ea3087db,ed6c7c60-b79a-442c-a5ba-390fc9e28c71,Validated locally; requesting peer review.,2025-07-03T12:25:32.357847
897b63f7-c64d-43b5-94ec-500d919105bc,e998abe0-b6d9-4168-ab0d-a37881ebaaa1,158d67e8-c1eb-4206-8513-fa89963ecc44,Customer impact confirmed; prioritize for current sprint.,2025-03-30T17:06:32.357847
3e79334f-a9ac-4a24-84bd-b0b7f613b4c9,8f120f36-a39c-4add-9372-a9151869117d,04ef2088-d806-465f-b9e2-633c4d0d6396,Dependency pending from another team; tracking ETA.,2026-01-10T00:00:32.357847
e4c60b41-ca73-4297-bdd0-d1725ecf6cb8,78ee664d-9e57-47a6-af13-c6c342dd64f7,e49a2a62-ad40-4521-86e0-7f80f5deb287,Needs clarification on acceptance criteria.,2025-09-11T04:17:32.357847
7558fd7d-8942-4d4b-b94c-a4d90c4c1a77,cd4af98e-61d3-422c-ac92-b2c5b8e116ca,e2b82a39-e5cd-4185-aa85-5eeffd8059e1,Needs clarification on acceptance criteria.,2025-07-06T08:26:32.357847
412d9b3e-a169-42be-b4b8-86763a8a4cdb,3916da6b-4e84-42a2-a898-26049cdae8cd,97a55dfb-cab0-40b0-bd5a-84073b3438c2,Customer impact confirmed; prioritize for current sprint.,2025-07-28T07:32:32.357847
327d80f8-d382-47b1-a4dd-91abfdbff070,181b0430-2737-41c2-aa3c-d7452b5d3d4a,1ad0605a-e2be-4f94-88bd-57c55e6e3bbc,Validated locally; requesting peer review.,2025-05-31T00:09:32.357847
1cb60dff-5899-490f-bb3a-bd91e1982505,1cd911e7-a30f-4d0a-a56c-e32610cbf23b,175c8aaf-7c13-4a30-a3d0-c61caa261167,Customer impact confirmed; prioritize for current sprint.,2025-05-22T09:46:32.357847
fcb506af-a6a4-4dc1-83a0-11afd2f9bc46,865bad29-be7e-4761-9548-d4c485065cb0,b94355da-b45f-49bd-96f6-e462010496c5,Validated locally; requesting peer review.,2025-12-19T08:58:32.357847
1df49da6-334d-4e6b-9662-3854eefb9e49,83a1c54b-8178-41d6-8e8f-c44577cbc94a,26f1b1f3-6437-47c2-9d8a-0f8176c5c1c4,Repro steps added; please verify in staging.,2025-08-17T06:49:32.357847
9322854b-da3c-4abd-a468-9ee9260478ae,a3d9ec9a-eba2-48f1-b110-6c7c1a0cd9e1,740e47e9-cd89-479a-9a81-933458385b97,Repro steps added; please verify in staging.,2025-07-11T13:44:32.357847
0ee7bb16-c1c1-403b-a64a-e3275729acbc,732e2b57-1015-4c14-96ae-0ad9af9a0f4c,9f9530ba-e5b7-44fc-8440-fd8f491115dc,Repro steps added; please verify in staging.,2025-07-10T07:35:32.357847
b79c2bf9-9206-4681-b6a9-0e930fec300d,e4419b8d-e901-4932-9ee5-180a6716495e,82177f98-ba2b-4f6c-b91b-49bfee173426,Repro steps added; please verify in staging.,2025-10-04T00:34:32.357847
fe52a2bc-ed56-4a9c-91fe-a6df71fc1006,916a422d-2f4c-40d4-b95e-8379f0aff9a6,e2b82a39-e5cd-4185-aa85-5eeffd8059e1,Customer impact confirmed; prioritize for current sprint.,2025-06-10T07:26:32.357847
5b32b072-2dc8-415d-b01d-6e08ceba456b,4ba16c69-c400-441d-a220-3b93cf469907,5b39db8e-3f45-4d43-baaa-a405cd896bc8,Validated locally; requesting peer review.,2025-11-16T15:42:32.357847
8a7617c2-517a-4110-a246-548a623e2d67,e7d96dc7-17ab-4e62-80e2-2ae5f224b85a,f062644f-6aa8-446c-9a5f-28954bf41b9b,Edge case discovered; updating test coverage.,2025-08-03T19:04:32.357847
e22038f0-5c1d-4087-830f-20e5987776af,95cb04fc-0da7-4d81-afc6-ef452e16a6bb,ab4c445a-7185-442d-91a9-8c461f10842a,Needs clarification on acceptance criteria.,2025-05-17T23:22:32.357847
aaf75a8c-6778-4109-9bf0-62574ca2fc89,71e64523-0f25-41cc-9810-6abb7eb9063d,e8e752db-b8cb-4df4-b978-ec9a5b17a8c7,Dependency pending from another team; tracking ETA.,2025-04-15T02:31:32.357847
2b04ab02-1393-4733-b7ea-d2f89ae772f3,db9af9cf-cd02-492e-aab9-5d52728fa258,3a834259-b6ce-458e-b37a-49a51ed3e1c3,Validated locally; requesting peer review.,2025-07-27T10:48:32.357847
64bc30ae-80b9-4a16-b632-50c420c8fe6c,008e7b4e-3e77-495a-8f8e-c629dd456d3b,12e581ed-57fb-415b-a296-4ba4be6b0d25,Repro steps added; please verify in staging.,2025-07-10T19:08:32.357847
b40beb32-457e-4d2b-a428-ec049cf6d6c5,2697bb2e-df71-4931-8905-a27040578995,389e3115-d531-4c3b-8767-736061d4cc91,Validated locally; requesting peer review.,2025-05-28T07:37:32.357847
5a06416e-dcd8-496d-a594-f842503a83e0,885f0444-2331-4147-973b-7145da463456,bb98d73f-0c6e-4c22-b1b8-1ec45f13af91,Needs clarification on acceptance criteria.,2025-12-20T09:53:32.357847
83163050-2d2e-4116-bd9d-a039941d789e,0ecbd927-d780-4ef4-89b3-fd8cbc93e1e1,a21a7586-f0a6-4043-a7ca-ebbedf389120,Customer impact confirmed; prioritize for current sprint.,2025-07-24T05:38:32.357847
86b671fc-7273-4b60-8ada-5c4f9ca25789,06b09325-8df5-4ad4-b35a-1d219cd43d1b,75b70178-8f2f-447a-b0ec-85057a3edec1,Repro steps added; please verify in staging.,2025-09-07T14:51:32.357847
704fd1d7-3f19-429f-a8d4-ffd2364ccae5,2dd7d1af-86ff-4edc-a006-872c241f5a0f,b9587822-329a-4b88-92a3-4456c8cf7184,Validated locally; requesting peer review.,2025-07-23T08:54:32.357847
5c6ab267-2a90-430b-9349-2badade5dc1f,9aa094be-e33b-4d1a-935f-cb1976ffad27,9d1bbd21-8fa1-4ccd-9014-777165db11cc,Repro steps added; please verify in staging.,2026-02-03T03:30:32.357847
1043d686-13af-4a78-a13a-f5cbd025b52c,c40ae92e-9f12-422f-a6f3-1c3ed45c7331,dd0ee5c0-2c57-42aa-8085-4dd47b71b925,Validated locally; requesting peer review.,2025-12-15T15:03:32.357847
a38da952-495d-404b-ba58-745a5ba4823e,402f3be5-6f11-4669-854e-38c445c5bb85,b6dff830-5f0d-4b95-aa7d-09106f638ec1,Dependency pending from another team; tracking ETA.,2025-10-13T12:45:32.357847
dbd85880-c31a-4ba2-901e-1fc2d738b0de,36e12af1-6497-4617-8e2d-bc40d4654147,01764f42-8551-4579-84bc-ce5d0d88075d,Validated locally; requesting peer review.,2025-11-01T20:19:32.357847
e00713a3-cccb-4eed-8752-3af8bb88088c,0fc31a75-93e9-4d5d-933f-2981f736d872,3da7a350-3c23-4279-a9d9-a12ad9a94ea8,Validated locally; requesting peer review.,2025-08-30T08:43:32.357847
918acf16-ba7e-4efe-a67f-c7570b7440c4,6d2eb80e-f895-4933-9c79-1cc511871cf8,0b88d09d-1c23-4688-9c35-18dec4e2f5c2,Repro steps added; please verify in staging.,2025-04-09T22:15:32.357847
a930fbd5-48bd-4cf6-a6a9-3ae6b4154417,3a8fa814-a8e2-43de-b8c1-8c586a1660ac,6261dae2-20a8-498e-92ab-21021d9a0663,Repro steps added; please verify in staging.,2025-10-12T04:23:32.357847
c9141061-070a-4025-90a5-8060b8218f33,22ff920a-9ace-4005-8687-8fbbdd76f693,a1882af5-ec5a-47a3-8bfb-38f18c62a3a5,Customer impact confirmed; prioritize for current sprint.,2026-01-11T09:55:32.357847
10ea62bd-63fb-4096-94e2-cf67466361c5,2ab32a6b-be25-4bcc-9199-78a9e55047f7,ce39f2f6-43f3-44b8-a326-9bacc4090720,Edge case discovered; updating test coverage.,2025-10-09T17:46:32.357847
89247da4-231c-4d12-ad97-c5d965e61185,e2bba948-8827-463a-9f95-888e909c7664,b5415e75-98e0-4c3d-85eb-d60f24f4fdfc,Needs clarification on acceptance criteria.,2025-05-04T15:33:32.357847
10bca383-4873-4dff-98dc-5ff2ee78ea6a,d7dbfd80-dde1-45af-9990-aa246d2e9bda,de01f742-9465-45e2-b6f5-dd06f22124e6,Edge case discovered; updating test coverage.,2025-10-03T21:55:32.357847
b7816746-9dc4-4629-bd1f-572f938e5a0f,66816948-e2eb-488d-bf3c-247f2d8c042b,9100fe3a-a319-4c9b-b4c2-9523e38f9c0c,Repro steps added; please verify in staging.,2025-07-31T15:43:32.357847
a878ef65-e69d-4b97-b82c-82e9b97d71fa,a43120e5-306c-40e7-865e-73cb1b8c639f,230336ac-9a03-4292-a489-9effc03b3def,Needs clarification on acceptance criteria.,2025-10-09T05:21:32.357847
2b63bc6c-e2f4-4dce-9d01-e920a2d87329,102be3d1-8500-4778-bb1b-a8323b86bc29,e0670087-4155-40dc-95ae-aa994bd86a8b,Repro steps added; please verify in staging.,2025-10-15T08:46:32.357847
a213bf11-b3d1-4e69-a54f-683ece489cc5,5817f86e-55e1-4597-80c0-dac3917d3138,e52b117b-ef01-4a68-9758-73e560659405,Dependency pending from another team; tracking ETA.,2025-07-21T19:16:32.357847
6f509f5a-d25e-4227-8338-e12dc9f4adb3,8de1ffd6-17ec-4249-bd7a-bd6fa37ae459,d10adff6-a84c-47aa-9231-b4a231fb5cb9,Customer impact confirmed; prioritize for current sprint.,2026-01-03T22:09:32.357847
892f99d3-2a4a-437d-9919-20ad87af3f22,00f15179-60fd-4fe3-8229-c8a1d61bf565,9787be62-e1a6-45ac-a0cc-bf3b260fadde,Validated locally; requesting peer review.,2025-09-04T16:21:32.357847
c4d7fbf8-1e9b-4d35-b356-442aab232b1a,5b8b138d-6702-4ccd-9ef9-58c9222ab763,90f497b1-db5e-419f-bb2d-4bc353e57246,Customer impact confirmed; prioritize for current sprint.,2025-04-29T15:47:32.357847
46c4d9cf-43d0-4bff-b7a0-76a7abcefdc7,c5bcf7dc-a9d0-451c-afa8-551b71c48e28,878cbf47-efc7-4642-af9e-d688c716ccab,Needs clarification on acceptance criteria.,2026-02-12T22:31:32.357847
72d83a6c-1fe2-43bf-8e86-4e3a734880cc,43b7155e-b826-4a88-ac09-7f0894d81fc1,d26e2e08-bd14-4ef7-bdac-5a4a75a84ed1,Repro steps added; please verify in staging.,2025-04-20T10:21:32.357847
9f7d914c-018a-479c-8192-f7621e4c7fef,4e3a50ff-f24a-450b-bf67-addd23d17516,9002b40c-a2c0-47f5-b5cc-ba6e143584c2,Repro steps added; please verify in staging.,2025-09-08T20:07:32.357847
3c0e717e-15a2-42be-bf5f-39e5a5a1aa3a,400eaa34-d528-4f65-a026-0ae1cb844726,59e6c8e1-9739-4f6c-8d3a-dc1877c356c5,Validated locally; requesting peer review.,2026-01-26T01:28:32.357847
5bf4a017-7552-4253-8888-d247943bd0c1,42d0aaa0-1fe5-4ace-96f7-7a2dcbeae75f,abf1c9ca-e323-48fb-aefb-551170e4d6c3,Customer impact confirmed; prioritize for current sprint.,2025-08-14T14:48:32.357847
74f26841-1f46-4119-8c4d-d670614bbdd0,4ba16c69-c400-441d-a220-3b93cf469907,ab4c445a-7185-442d-91a9-8c461f10842a,Needs clarification on acceptance criteria.,2025-11-11T03:42:32.357847
44966be3-7ada-44a1-8e85-c91ea3671a9f,353ac1db-ad84-450b-ae6f-27bf7166b805,bebdb131-5c8d-441b-9e35-3370b9fae4d4,Needs clarification on acceptance criteria.,2025-12-05T22:48:32.357847
1c4db9da-ba69-467a-8900-84f15170d042,9fb04297-18e9-4661-976d-c061de14d2d6,dbe21870-ab0d-45f5-b423-29d8c49bc9a6,Repro steps added; please verify in staging.,2025-04-21T20:12:32.357847
f5685b5e-e7fe-49e7-8281-8f1e9c921ee3,40c3c7f6-43f0-4798-af45-d8ea53abfcaf,5c7f18c4-8814-4ff4-a0de-2ed38a095b9b,Repro steps added; please verify in staging.,2025-10-05T21:19:32.357847
1da793f5-2ca5-48fb-a613-0fc7d5eb25af,db7e99dd-4981-41e2-8fc8-c541acc76a65,daabfc83-b4df-4786-b441-ec2e1cd5f795,Customer impact confirmed; prioritize for current sprint.,2025-07-23T07:32:32.357847
eed74217-103d-4a55-8fef-59d576f5269c,6d5a18f6-e13c-44bb-9dfb-db54f4bffdba,4eb2e815-ed19-44fd-8bf3-9f8d2f29629a,Customer impact confirmed; prioritize for current sprint.,2025-10-27T23:24:32.357847
fe0b1a8e-8f69-448a-aa3e-4ad60c1218f3,15b99b4d-879c-4fa5-83de-f65d497c5898,9ba2392b-6cb0-4504-93db-73fb58437933,Validated locally; requesting peer review.,2025-10-01T16:44:32.357847
af922fb0-a5cc-4026-82fb-ae84767839be,df29bdfa-3729-457d-a74f-418433849cb0,69441462-ca99-4443-a49a-bdcb8d7e7787,Repro steps added; please verify in staging.,2025-10-17T17:55:32.357847
c941c4a0-731b-46e2-a137-e336e6675d9d,6b1be1b0-0294-47f1-b5c6-1029cc5184e6,058ca0a6-3d7e-4776-95ef-d5824ba87953,Needs clarification on acceptance criteria.,2025-07-17T22:07:32.357847
c8c0c641-a35e-4488-bba5-12d932b83cf7,f3ea17c6-cd87-4ac5-8c03-8dbe9cd2cea3,88e4b097-e836-48b9-8ec8-96e9a3ab499b,Customer impact confirmed; prioritize for current sprint.,2025-09-28T00:52:32.357847
fd49c32f-4aa5-4c28-b6db-6aea8b8410ce,aa0efd73-2f21-49c1-978a-1f2cf7b3ea36,a7bcccd0-5bae-4a72-943b-bc650f361123,Customer impact confirmed; prioritize for current sprint.,2025-11-15T18:43:32.357847
ccd27951-a3d6-484e-9b0f-ed0a944bc68b,7be84bda-21b6-4553-95ce-fbdb650cf73a,e71278aa-8f9e-4bee-af58-768cb7aee5c6,Validated locally; requesting peer review.,2025-05-18T01:37:32.357847
7bd56ff1-d0ba-4314-b023-cf1efa33a97d,9aa094be-e33b-4d1a-935f-cb1976ffad27,75a2d316-0f21-427c-a98d-339c48541263,Edge case discovered; updating test coverage.,2026-01-16T07:30:32.357847
06d1af87-61a3-461d-b5dc-e6bf7c8f0062,f0e6c7af-718e-43ae-99b0-6feb99efe369,395b5268-03e3-400d-8706-bdcbd852517d,Needs clarification on acceptance criteria.,2025-09-27T06:51:32.357847
88c2f21a-51e2-41de-bc9f-ed018fdb22b4,a6d03ab5-16b0-461c-a399-0a42b95c339f,19577aec-ca4a-4b55-bbba-762547e95e6f,Edge case discovered; updating test coverage.,2025-06-15T06:13:32.357847
b4f0b3d1-bf32-4826-94bb-ba4922a26d21,bb28a031-7d33-42b5-9624-18a27ec55cf7,46847213-db08-40c0-a4c8-19e46ae40f47,Edge case discovered; updating test coverage.,2025-10-23T22:50:32.357847
67025135-ad8d-4d2d-899f-d9a9f59ce66b,5b8b138d-6702-4ccd-9ef9-58c9222ab763,fe804a61-c284-4418-9070-ffd04f60a50a,Edge case discovered; updating test coverage.,2025-05-05T14:47:32.357847
9e11b401-fd82-4edd-9068-c00bbcc5da87,0953509a-6aa9-464e-b8ed-bd2c16d93013,daabfc83-b4df-4786-b441-ec2e1cd5f795,Repro steps added; please verify in staging.,2025-08-16T03:02:32.357847
5e93ea4d-9964-4f2f-a959-47a3b1969c16,d5fc2ade-fccb-4205-9135-3b85fceb3031,781687e6-891a-4bc0-af45-2f8892897073,Dependency pending from another team; tracking ETA.,2025-10-14T12:22:32.357847
6fca5455-e205-4307-a73a-4bce528c91cf,2bea6f03-b30e-4263-b937-6ad72857e4cc,1ad0605a-e2be-4f94-88bd-57c55e6e3bbc,Edge case discovered; updating test coverage.,2025-12-21T12:00:32.357847
ecf16d67-3e65-488b-974c-d882d92586df,0e86ab2c-ba04-4897-93ec-a6f6d5792b36,2c5c2cba-a1aa-43e5-abdf-0122e01f8c6e,Dependency pending from another team; tracking ETA.,2025-09-25T18:20:32.357847
13a327a3-ba2b-4acb-9d10-d1e25340d336,74d4d7ab-48ee-4013-ac88-5b641b71d7d8,dd49f1a9-d0c4-4a77-b849-a90bcc78c5cb,Dependency pending from another team; tracking ETA.,2026-01-21T21:24:32.357847
01d2af44-362c-4d99-a52c-e3e23a9ee9fb,3d5dc661-c21b-423d-bf18-59d37ecb74f7,b6dff830-5f0d-4b95-aa7d-09106f638ec1,Dependency pending from another team; tracking ETA.,2026-01-22T08:47:32.357847
31f3f5a6-f7b5-4a4a-bfb7-6a30292213c8,af1e0838-eec8-4815-8839-4c1dc757f2e9,62cb7e50-288b-4e86-ba91-2641bdebb174,Customer impact confirmed; prioritize for current sprint.,2025-12-16T18:39:32.357847
3b6781a6-0720-4151-ad8d-8fff918ae986,1386b945-2b35-42a9-ac57-59f790a365fd,395b5268-03e3-400d-8706-bdcbd852517d,Needs clarification on acceptance criteria.,2025-08-01T19:49:32.357847
9681ee8a-0f34-4928-8695-e93ab8f2157c,3184f5ae-afe9-4592-8346-a60d08f721cd,17b595b8-e800-4412-bc6d-03ee82792e10,Validated locally; requesting peer review.,2025-09-23T06:38:32.357847
a3515d08-2dd1-44b8-be42-a4920a0c8951,e746f8e1-3aa1-449a-aa9e-281b14cff750,829e8d41-a9ae-4e5a-bdc6-a83da50f5f5d,Needs clarification on acceptance criteria.,2025-08-14T01:00:32.357847
8b16579e-ddac-4c4e-bae4-f7e46661d493,1eb27ed2-c9fa-4176-a5ea-745942f90fcf,de01f742-9465-45e2-b6f5-dd06f22124e6,Repro steps added; please verify in staging.,2025-05-14T22:13:32.357847
96c02485-dfdb-433a-b35c-5dcb64d3b74d,f9649272-5f70-4fca-af1c-8552feb4fc6e,0c887bf6-9f42-41a2-beca-dc550500564c,Edge case discovered; updating test coverage.,2026-01-25T15:19:32.357847
f49c0b55-29c8-4b3f-8190-f41bc09af326,699b073d-bbac-4f99-8efd-a98d10929026,cc8dc766-9d20-4422-8f6a-077c907330db,Needs clarification on acceptance criteria.,2025-09-07T17:33:32.357847
87544632-260c-43fd-a06d-e29ae9a7e0d6,6b2bfd57-2397-4d12-ab76-ca1dc5ef4ea4,0b08984e-ea26-47d7-8bdd-9b7b2168b965,Validated locally; requesting peer review.,2025-10-10T06:20:32.357847
df8c1e39-8d21-45c7-8745-3b886197ff48,76337d57-1a4a-496f-87d8-51f9cfb94e31,c94793c6-8a63-44d6-be7c-f5dee5b8cc37,Edge case discovered; updating test coverage.,2025-04-03T04:45:32.357847
cbad6d94-153d-4416-903a-a5c6ac8b1e66,73a9da62-1d77-4542-b040-85d3cfba244e,f5608f88-5804-49de-afdd-0bd67621ce51,Repro steps added; please verify in staging.,2025-05-25T13:39:32.357847
210cacd5-c202-471c-9793-0283ca20700b,c5bcf7dc-a9d0-451c-afa8-551b71c48e28,c5200f4d-2260-4e5c-b319-783fda060a49,Customer impact confirmed; prioritize for current sprint.,2026-02-15T03:31:32.357847
529639f0-362f-452f-b7c9-2ac11cad7461,9b501bb6-9771-408d-930a-57cfc99184e1,87a158bc-c691-46d5-807c-090b339a2bf1,Needs clarification on acceptance criteria.,2025-06-05T17:05:32.357847
1d15a5e9-098a-43b8-9d26-cf6c95b45506,3cad758b-0b89-4436-b8f7-2b99ca49d77e,ed15cdd3-c94f-458a-ad9d-a825e7fd08fd,Customer impact confirmed; prioritize for current sprint.,2025-06-02T21:03:32.357847
1b46c7c6-4d8e-4a86-9d29-e33a9d1bc501,719d02ba-72cc-4d7b-a871-049ffddcb3d4,03f6c768-2452-4dad-ac81-769655738bcf,Validated locally; requesting peer review.,2025-06-27T23:50:32.357847
191660f0-6008-4915-bc87-dd1d153e7fe0,cfe5abba-7f2b-4ce0-b2cb-5465db7d43df,53b3eec3-607f-4854-9f2a-e3c280baa0c6,Repro steps added; please verify in staging.,2025-06-02T05:44:32.357847
a50b5401-edd0-404e-a788-1074fbcd0211,627f8c4b-b820-458b-a1ba-a3a90f046c2b,b06a0a29-7795-4187-9d77-36028bbe5738,Dependency pending from another team; tracking ETA.,2026-01-22T16:14:32.357847
5c02be8a-493b-43b8-ac97-58cccd58a269,181b0430-2737-41c2-aa3c-d7452b5d3d4a,2042a08a-ff79-47fc-9b89-1f2e1e948c32,Dependency pending from another team; tracking ETA.,2025-06-20T06:09:32.357847
2d76e511-0f60-41c4-8c42-da8340e687a5,00f15179-60fd-4fe3-8229-c8a1d61bf565,9c02356a-de2c-4ab8-b9f7-44550db02218,Validated locally; requesting peer review.,2025-10-01T16:21:32.357847
429470c2-17d9-4b74-9719-450b7e1d4e06,87f95430-71a3-451d-9c71-f47c13add38e,9f3357d0-dd0d-4ee5-9de0-92b821044b24,Dependency pending from another team; tracking ETA.,2025-06-28T16:12:32.357847
e09c3908-9d1b-4ab1-a131-0e5584bd1695,88c4b100-212c-49b6-99ff-2a8174b4a04c,43f9d052-d7b6-405c-88aa-613d8c040bfc,Customer impact confirmed; prioritize for current sprint.,2025-04-23T13:18:32.357847
96aef8d6-2115-486d-8d50-e1a9f1aae437,57af43ce-8693-49e9-a8d8-c7d402a63fa5,04ef2088-d806-465f-b9e2-633c4d0d6396,Edge case discovered; updating test coverage.,2025-08-13T16:25:32.357847
69fc2ff5-1b3e-4bfc-9ef6-b8f5c846a6c7,3d5dc661-c21b-423d-bf18-59d37ecb74f7,4cbd8eb9-4097-4e53-910e-42caeae57b11,Needs clarification on acceptance criteria.,2026-02-11T06:47:32.357847
c889f423-374d-4b35-9a84-79379b1910ce,8bbf9c32-c11a-49ed-8265-01ed7ad624de,ce3bf5f0-623b-44d9-9923-9e0db1af2ac6,Validated locally; requesting peer review.,2025-07-27T05:19:32.357847
19085814-e2bb-446f-9386-292a221252fd,fbfb72cf-e9b7-4a5d-9f97-ff9a139c226f,01c53f2d-4aa7-43a2-838f-38d8c4396849,Customer impact confirmed; prioritize for current sprint.,2026-01-08T08:58:32.357847
6b7673da-9478-4db0-aae3-3776603de89f,9873c7e3-1539-4208-909d-14c72a51b960,27444ab6-5af9-4cc4-865f-35101ec16ffd,Dependency pending from another team; tracking ETA.,2025-12-25T13:40:32.357847
c978eee6-a847-432b-8e1c-87eb937f0155,215b4a9c-0073-4ef5-81ef-b7051698627d,b8493c8a-f8c2-4254-a5f0-70beee1814e6,Dependency pending from another team; tracking ETA.,2025-05-16T14:24:32.357847
5081c770-c49c-45b7-8eb7-179e06a808d9,ca0ba8f0-8dec-49ec-9c5b-a9d3dcf1aae9,ee64942c-9ef3-476e-8c34-b89f3852361e,Edge case discovered; updating test coverage.,2025-04-19T12:42:32.357847
c1d385ef-14da-4bf0-b392-99e67949e0c2,96daf0ac-cc87-4443-934f-b19d685d56b3,95e25f33-5b69-4e33-b4db-faa04bc1da6c,Edge case discovered; updating test coverage.,2025-12-24T10:55:32.357847
9dc3618c-7208-4739-8135-c99f86d81849,be68bbc2-d3c3-45b9-9141-8c08a4378bbd,fdefffc0-54f3-4e96-8635-f7c4ef1661c9,Needs clarification on acceptance criteria.,2025-07-10T08:05:32.357847
88525e9f-4ec9-4c9f-a951-c2e400afba5e,39e10420-451f-4a27-a10c-60f7503c6429,bbfc70f0-6182-4b57-b3d7-009a48ae9486,Customer impact confirmed; prioritize for current sprint.,2025-12-14T23:18:32.357847
4485a2a9-51e2-42cb-bd35-4df680060898,78dfda63-5c33-4159-98d4-582db4559585,842e6f54-8d3e-4a1a-98a9-715ba68259ea,Customer impact confirmed; prioritize for current sprint.,2025-05-10T05:27:32.357847
4cfb0a85-bb61-439b-8ad7-ecf5173cc8c5,d3876d56-2bc7-4107-aa2c-3c50d392839f,cf369555-9185-418a-9f83-ce31d6b543a1,Edge case discovered; updating test coverage.,2025-06-03T15:42:32.357847
ae28e9f7-442c-43f8-ac30-d743fa25bd45,f4c2de2d-00fd-4aa2-8162-321b4dfd8000,9fd97a54-530c-4101-b96e-85cd7db0ce9a,Customer impact confirmed; prioritize for current sprint.,2025-12-30T02:36:32.357847
1b323c1b-ca3c-459b-96ff-35ddf9dacf5e,6d2a70de-eba2-4731-900d-d5f09905757a,301f58a2-2d93-4f33-994e-38c8c40a1f28,Needs clarification on acceptance criteria.,2025-08-31T05:43:32.357847
f0953a11-5de8-4e79-a8e7-5e02f4479913,fbc7be88-7807-4c1f-af8b-d20ea4f45244,996e7c03-135a-442a-8298-f9dc2cd9b601,Repro steps added; please verify in staging.,2025-11-16T16:57:32.357847
39fc81b9-18b3-499b-bcd9-3216752bd6ce,6d5a18f6-e13c-44bb-9dfb-db54f4bffdba,4eb2e815-ed19-44fd-8bf3-9f8d2f29629a,Validated locally; requesting peer review.,2025-10-29T03:24:32.357847
7d0105de-c9bb-4f4f-9d8b-b54f6127f1ae,fbfb72cf-e9b7-4a5d-9f97-ff9a139c226f,58c0543e-48e6-4944-a8c6-86459cddaa2c,Customer impact confirmed; prioritize for current sprint.,2026-01-15T03:58:32.357847
007cd9f9-2043-406d-a8ec-d7e5d3ac480a,4f2c7422-16ca-4bba-b6e5-437f0d217b49,bebdb131-5c8d-441b-9e35-3370b9fae4d4,Repro steps added; please verify in staging.,2025-06-30T18:23:32.357847
b81ca6cf-8ae6-4446-bd80-cc009ebe90c9,aa02ee9a-b592-4b2a-980c-039a2010a73c,e8e752db-b8cb-4df4-b978-ec9a5b17a8c7,Dependency pending from another team; tracking ETA.,2025-10-03T15:19:32.357847
fdf1d5f5-ad61-4416-bc29-58d3e4ecae62,633a4b20-8f4f-46e3-b04b-802291be28c7,3443e834-3f97-4088-b8ce-8617916842cb,Repro steps added; please verify in staging.,2025-12-19T07:56:32.357847
018eed6b-d241-45cc-add4-f86052f74716,4b2333c6-a164-473d-891d-9ae517da0a53,b31eaff9-ee5d-48ef-b7ee-687285df3dc0,Needs clarification on acceptance criteria.,2025-05-29T07:45:32.357847
e2145da9-e9db-4a4a-97e8-f3adb7bf32ce,720f24c1-7744-41a8-88ae-c50ba3efb2f0,963e22c0-80e4-4b5d-977d-44560649642e,Needs clarification on acceptance criteria.,2025-12-08T00:41:32.357847
0dcc5cc2-88f2-45af-b9d7-bb9714b87e7a,b064e3e0-9d6d-4a31-8e75-6b4c081605e0,28146158-be96-4278-be26-dcc6744a99b8,Edge case discovered; updating test coverage.,2025-08-23T18:58:32.357847
ccdd21e1-15b4-4af0-add0-6f47dcda22ff,958b90b8-aa28-4e63-a45f-abef6e1467ba,bf6cce2f-d4b9-4d07-8dd1-25c21488ad84,Dependency pending from another team; tracking ETA.,2025-09-30T20:05:32.357847
fed26868-2c55-4cf0-b2b9-692505032f69,5a18b766-3d8b-44b3-85b8-b74ac0f5c867,963c85a2-1941-4e36-9659-b5e70396a11d,Customer impact confirmed; prioritize for current sprint.,2025-12-16T08:38:32.357847
d4ab0cdd-22e7-4c77-8f80-3e3342c46a24,102be3d1-8500-4778-bb1b-a8323b86bc29,e6ae52f4-82ba-4153-be6c-950e8499ddbe,Repro steps added; please verify in staging.,2025-10-14T18:46:32.357847
aa14e368-a92b-48f0-bc3d-135c7694cb35,cd4af98e-61d3-422c-ac92-b2c5b8e116ca,2df6eb38-96e0-445a-bc47-ae60d8542bb0,Validated locally; requesting peer review.,2025-06-22T05:26:32.357847
ee77f4bb-43fc-42df-bf64-90dd1adabf9f,c24dce4b-8fab-4bbc-9732-38cb01a4d1fe,7e346db1-dff0-4136-b551-b2a8b1962bcb,Edge case discovered; updating test coverage.,2025-04-27T03:19:32.357847
2cb70f98-879a-46e1-b5bf-a3121f683af1,9b501bb6-9771-408d-930a-57cfc99184e1,5010e2e4-3ac3-45ae-8c09-6c814114b627,Edge case discovered; updating test coverage.,2025-06-14T22:05:32.357847
897d2d2a-6478-44ae-a1ea-ea58e9273a83,1e03f35f-5015-4743-a94b-2cdbbbc2c692,ed49e0d4-4ea1-4631-a261-244d3c640529,Dependency pending from another team; tracking ETA.,2026-01-08T17:09:32.357847
3e7164c2-17b9-4dce-95ea-1ef79adee483,59d17a75-91e0-4dc6-8f0c-1142f42c2da5,cc4bf663-519a-449e-898b-74dfcab45b5d,Edge case discovered; updating test coverage.,2025-06-21T06:36:32.357847
89222969-bbde-44e9-a617-7dfae7ca6391,74d77eec-2d2a-41d0-b8a9-15c4c97fbf9a,e8e752db-b8cb-4df4-b978-ec9a5b17a8c7,Needs clarification on acceptance criteria.,2025-09-09T21:08:32.357847
da724341-07f7-45b3-b54b-5baa115ea43c,8956bb63-f3c2-4786-b13d-141c0b7eb8cb,25bcfb57-79a5-4a80-b1ff-3a5c39a200e4,Validated locally; requesting peer review.,2025-11-24T16:16:32.357847
0fff218c-40dc-4aa0-9720-abfb5ba7c99c,4cde2977-436b-4032-bae6-be6218efb007,53b3eec3-607f-4854-9f2a-e3c280baa0c6,Validated locally; requesting peer review.,2025-09-14T20:59:32.357847
2c92311b-aefc-4483-a13b-63712b7c7cce,2b2760d8-cc29-4888-89df-498f7cb5817b,3da7a350-3c23-4279-a9d9-a12ad9a94ea8,Needs clarification on acceptance criteria.,2025-11-11T10:22:32.357847
67056fe2-b0a8-4931-ad86-c4a63ebcf3a0,141f69ae-661f-424b-aeaa-c4512e26e42e,cc8dc766-9d20-4422-8f6a-077c907330db,Dependency pending from another team; tracking ETA.,2025-07-10T22:23:32.357847
3fed24e8-b4f6-4972-ba57-d99abcfb9e36,ffb4380f-8d1b-423f-a025-fd94bf128e69,5cf53f0b-ea61-4558-9ca8-fada6d8f1f6a,Customer impact confirmed; prioritize for current sprint.,2025-09-22T18:12:32.357847
55b09fe2-ebdd-4823-897f-a72d50c35056,40c3c7f6-43f0-4798-af45-d8ea53abfcaf,353257cc-59fe-46f8-aeda-0ff41a03433e,Customer impact confirmed; prioritize for current sprint.,2025-09-30T08:19:32.357847
58a0c83a-18c3-4670-b089-f0e02ef5b10f,ba8b6c78-515b-4308-8b38-308e4897ccda,91ffa716-3589-49c8-9092-57f082cab333,Needs clarification on acceptance criteria.,2025-12-14T01:35:32.357847
dad3d963-88f5-44d1-ab78-f9ff54551586,d80d13c6-2ea3-4590-b401-1d006d066019,c5991793-a5c5-4ffe-a155-819bf9e6cc92,Customer impact confirmed; prioritize for current sprint.,2025-06-30T20:08:32.357847
2401054b-e141-4b52-b497-69374d2ca170,91c9c340-b107-4c05-81f1-f8daef024c69,b0bdc5e3-966a-4e5c-8bfb-768d4cc2bdb6,Repro steps added; please verify in staging.,2025-08-28T18:31:32.357847
